ID,Secession,totalSales,visitFrequency,averageSales,discountCoupons,totalDiscountAmount,customerRating,purchaseType,Claim,purchaseCategories,Region,Sex,ageBand,tradingPeriod,discountSensitive,Recency,Frequency,Monetary,purchaseCycle
1,1,4963160,22,225598,1,5445,1,3,0,7,6,1,6,3303,0,3,2,1,149.1363636
2,1,2271520,38,59777,22,350995,1,1,0,5,4,0,2,3129,0,5,3,4,81.34210526
3,1,2484250,2,1242125,6,186045,1,2,1,4,6,0,3,3636,0,4,1,4,1817
4,1,2778850,9,308761,1,5195,2,4,0,4,5,0,4,3637,0,7,4,6,403.1111111
5,1,4437610,10,443761,9,246350,2,4,0,6,6,0,4,3638,0,5,1,4,362.8
6,1,10720400,4,2680100,20,348145,2,4,0,9,5,0,3,3639,1,7,4,1,908.75
7,1,7228460,11,657133,30,380945,2,1,0,3,6,1,4,3244,0,4,1,2,293.9090909
8,1,8790450,34,258543,4,354735,2,2,0,7,6,0,3,1940,0,6,3,6,56.05882353
9,1,9759800,6,1626633,17,364895,2,4,0,9,6,0,4,1940,1,7,4,6,322.3333333
10,1,4077660,95,42923,27,357645,1,4,0,9,5,0,2,3643,0,7,7,6,37.34736842
11,1,2125010,18,118056,23,379900,1,2,0,5,5,0,3,1456,0,5,1,4,79.88888889
12,1,2055120,8,256890,22,350050,1,2,0,5,7,0,3,3428,0,1,1,4,427.5
13,1,3168400,14,226314,1,4500,2,4,0,4,4,0,4,3646,0,4,1,4,259.4285714
14,1,2555650,28,91273,14,334100,1,3,1,8,4,0,3,3647,0,7,2,1,129.25
15,1,2110000,2,1055000,23,380200,1,4,1,9,3,0,4,3648,0,3,5,1,1823
16,1,3385460,3,1128487,30,379750,2,2,0,2,6,0,5,3649,0,2,1,2,1215.333333
17,1,1948100,7,278300,18,342145,1,4,0,5,5,1,3,1721,0,5,1,4,244.8571429
18,1,6780130,45,150670,22,350745,2,2,0,7,6,0,4,2162,0,6,4,6,47.04444444
19,1,3154780,11,286798,16,365845,1,3,1,7,6,1,5,3652,0,7,1,6,331
20,1,2708850,53,51110,23,380345,1,3,0,7,6,0,3,3653,0,7,5,6,67.9245283
21,1,4153320,11,377575,20,346850,2,2,0,2,6,0,4,2221,0,6,1,2,200.9090909
22,1,3945600,8,493200,15,325100,2,4,0,5,5,0,4,3655,0,5,1,4,455.875
23,1,2765000,4,691250,3,43695,1,1,1,4,6,0,3,3656,0,4,1,4,913
24,1,6179500,4,1544875,11,296450,2,4,0,2,6,0,6,3657,0,1,1,2,913.25
25,1,6480930,9,720103,27,357895,1,3,1,2,5,1,5,2238,0,7,5,3,247.6666667
26,1,2570550,12,214213,23,380845,1,3,1,3,3,0,3,3659,0,3,1,2,303.9166667
27,1,1946470,18,108137,7,210500,1,1,0,5,5,1,5,3660,0,7,5,6,202.3333333
28,1,3265440,37,88255,15,326295,1,2,0,6,5,0,2,1505,0,5,3,4,39.67567568
29,1,2517860,29,86823,3,43000,1,3,1,6,4,0,2,3171,0,5,2,4,108.3448276
30,1,2199380,9,244376,28,375900,1,4,1,5,5,0,4,3456,0,5,1,4,383
31,1,5130680,34,150902,12,214435,1,2,0,6,5,0,4,3664,0,6,3,3,106.7647059
32,1,3206640,13,246665,22,351495,2,3,0,6,6,0,2,2266,0,5,1,4,173.3076923
33,1,1992050,6,332008,15,325350,1,1,0,4,4,1,3,3464,0,4,1,4,576.3333333
34,1,3247500,5,649500,18,342645,2,1,0,3,4,1,3,3667,0,4,1,2,732.4
35,1,10890430,11,990039,5,131150,2,4,0,9,2,0,4,3668,1,7,1,6,332.4545455
36,1,2500700,9,277856,18,341645,1,2,0,3,6,1,3,1991,0,1,1,2,220.2222222
37,1,4792880,12,399407,21,348445,2,4,0,9,5,0,6,3670,0,7,5,6,304.8333333
38,1,2051500,4,512875,15,327045,1,4,1,3,4,0,4,1896,0,4,1,2,473
39,1,5123900,18,284661,30,380500,2,4,0,9,5,0,4,3672,0,3,4,5,203
40,1,2826250,10,282625,15,326795,1,4,0,3,7,0,4,1588,0,4,1,2,157.8
41,1,4299850,14,307132,30,381695,2,4,0,9,5,1,4,2583,0,7,5,6,183.5
42,1,3013140,50,60263,16,365900,1,4,0,7,6,0,4,1000,0,7,5,6,19
43,1,3425570,21,163122,19,351635,2,4,0,6,6,0,4,3502,0,5,2,4,165.7619048
44,1,9773200,7,1396171,22,350550,2,4,0,9,7,0,4,1216,1,7,6,6,172.7142857
45,1,4364460,24,181853,1,4945,1,4,0,6,6,0,4,3678,1,5,2,4,152.25
46,1,2575350,7,367907,11,295950,2,2,0,3,4,0,2,2519,0,4,1,2,358.8571429
47,1,3245650,5,649130,20,346950,1,4,0,9,5,1,4,3680,1,7,5,6,735
48,1,2066760,18,114820,18,341895,1,4,0,6,5,1,4,3370,0,5,1,4,186.2222222
49,1,2788830,23,121253,1,7400,1,4,1,7,5,1,4,1991,0,6,2,6,85.56521739
50,1,3186080,4,796520,28,376650,1,4,1,3,5,0,4,3683,0,4,1,5,919.75
51,1,2794500,2,1397250,19,365795,1,4,0,9,5,0,5,3684,1,7,4,6,1841
52,1,3024660,19,159193,1,3750,1,3,0,3,5,0,3,3685,0,3,5,5,192.9473684
53,1,2324550,4,581138,1,4250,1,4,1,9,4,0,4,1000,0,7,5,6,249
54,1,4230500,11,384591,19,367045,2,2,0,7,7,0,3,1287,0,1,1,6,116
55,1,10218050,33,309638,18,342395,2,4,0,6,5,0,3,1729,1,5,3,4,51.39393939
56,1,6997660,13,538282,19,367945,2,2,0,3,5,0,3,1618,0,4,1,2,123.4615385
57,1,3217260,11,292478,27,358145,1,2,1,4,6,0,5,3690,0,1,1,4,334.4545455
58,1,2233680,6,372280,11,295450,1,4,0,5,5,0,3,3269,0,5,1,4,543.8333333
59,1,3167980,12,263998,22,351745,1,2,0,6,5,0,3,1000,0,7,1,6,82.33333333
60,1,3562550,7,508936,5,131150,2,4,0,5,5,1,4,3693,0,6,1,4,526.5714286
61,1,5066830,23,220297,10,304645,2,2,0,7,5,1,3,3694,0,7,2,7,159.6086957
62,1,3912100,5,782420,28,376150,1,3,1,2,6,0,3,3695,1,2,1,2,738
63,1,6607480,9,734164,19,365600,2,2,0,4,4,0,4,3696,0,4,1,4,409.6666667
64,1,2391500,7,341643,17,365395,1,3,0,1,6,0,7,2800,0,2,1,2,399
65,1,2796860,5,559372,8,261200,1,3,0,4,6,0,5,2724,0,6,1,4,543.8
66,1,2648000,20,132400,23,379900,2,4,0,5,5,0,4,3699,0,5,2,4,183.95
67,1,1937900,16,121119,20,347600,1,2,0,5,5,1,2,1202,0,5,1,4,74.125
68,1,2304900,7,329271,5,130900,1,3,0,2,6,0,7,3701,0,6,1,2,527.7142857
69,1,4540390,20,227020,21,348000,2,2,0,7,5,0,5,3495,0,7,2,6,173.75
70,1,4940180,3,1646727,23,380145,2,4,0,2,4,0,5,3703,0,2,1,3,1233.333333
71,1,14545400,18,808078,7,209250,2,1,0,2,4,1,5,3704,1,2,1,2,204.7777778
72,1,2392650,11,217514,28,377345,1,3,1,6,4,1,5,3705,0,6,1,4,335.8181818
73,1,4301270,43,100030,23,379595,2,3,0,5,3,0,3,3706,0,5,4,4,85.18604651
74,1,2979800,11,270891,24,359750,1,3,0,3,5,0,3,1000,1,7,1,6,89.90909091
75,1,3763400,15,250893,3,43500,2,4,0,3,4,0,6,1000,0,1,1,3,65.66666667
76,1,2145750,27,79472,8,262645,1,4,1,5,6,0,5,2175,0,5,2,4,79.55555556
77,1,4233850,6,705642,25,358495,2,2,0,5,5,1,3,3275,0,5,1,4,544.8333333
78,1,5580380,4,1395095,27,357200,2,4,0,3,5,1,4,3711,0,1,1,6,926.75
79,1,2350300,25,94012,8,262145,1,4,1,6,5,0,4,3314,0,5,2,4,131.56
80,1,5294230,24,220593,1,6900,2,4,0,7,5,0,3,1207,0,7,2,6,49.29166667
81,1,3975000,8,496875,16,365650,1,3,1,3,6,0,3,1000,0,1,1,2,124
82,1,2429250,5,485850,1,5195,2,2,0,4,6,0,5,3715,0,4,1,4,742
83,1,2765860,11,251442,29,374050,2,3,0,4,4,0,2,2317,0,4,1,4,209.6363636
84,1,4477540,38,117830,21,348445,2,2,0,6,7,1,5,3717,0,1,3,4,96.81578947
85,1,1911390,12,159283,18,340700,1,4,0,2,3,0,3,3300,1,2,1,5,274
86,1,3538100,5,707620,22,351245,1,3,1,9,4,0,4,3719,1,7,4,6,742.8
87,1,3058100,5,611620,23,379200,1,2,0,4,6,1,3,1872,0,4,1,4,373.4
88,1,2588400,10,258840,10,303950,1,2,0,2,4,1,2,1000,0,2,1,2,99
89,1,4628840,5,925768,25,357550,2,4,0,5,5,0,6,3722,0,5,1,4,743.4
90,1,6610590,29,227951,11,296700,2,1,0,7,2,0,3,1900,1,7,2,6,64.51724138
91,1,1886100,2,943050,8,261450,2,2,0,2,7,0,3,3233,0,2,1,5,1615.5
92,1,3541490,13,272422,12,303445,2,4,0,5,5,0,3,2423,0,5,1,5,185.3846154
93,1,41946980,61,687655,7,210945,2,2,0,5,6,0,6,3522,1,5,6,1,56.73770492
94,1,5862290,23,254882,1,7400,2,2,0,6,7,0,3,3727,1,5,2,3,161.0434783
95,1,2359200,8,294900,22,350800,1,2,1,5,5,0,5,3728,0,5,1,4,465
96,1,3118420,7,445489,19,366295,1,4,0,3,5,0,4,3729,0,4,1,3,531.7142857
97,1,5068930,11,460812,12,303945,2,2,0,9,5,0,4,1000,1,7,5,6,89.90909091
98,1,2076600,6,346100,4,57700,1,2,0,2,6,0,4,1657,0,3,1,5,275.1666667
99,1,3407900,15,227193,9,247100,1,1,0,3,4,0,3,3310,0,4,1,2,219.6666667
100,1,3496680,10,349668,27,356450,1,4,0,3,3,0,4,3733,0,4,1,2,372.3
101,1,9390120,7,1341446,8,261700,2,4,0,2,3,0,5,3734,1,2,1,5,532.4285714
102,1,7511900,11,682900,9,245850,2,2,0,9,6,0,4,3735,0,7,6,6,338.5454545
103,1,2309070,29,79623,7,209750,1,4,0,4,5,0,3,3617,0,7,2,5,123.7241379
104,1,2609850,10,260985,22,350300,1,4,1,4,6,0,2,1794,0,4,1,4,178.4
105,1,7192650,43,167271,7,210250,2,3,0,5,7,1,6,3738,0,5,4,4,85.93023256
106,1,9605490,24,400229,30,315600,2,1,0,7,5,0,5,3739,1,7,2,5,154.7916667
107,1,3845650,12,320471,16,364650,2,1,0,2,5,0,3,3740,0,7,1,6,310.6666667
108,1,8724870,39,223715,9,246350,2,4,0,6,5,0,5,3741,0,5,3,3,94.92307692
109,1,8128800,43,189042,18,341200,2,3,0,5,6,0,5,3742,0,5,4,7,86.02325581
110,1,2267450,3,755817,27,356950,2,2,0,4,5,0,3,3322,0,4,1,4,1106.333333
111,1,2462800,8,307850,20,346850,2,4,0,5,5,0,6,3744,0,5,1,7,467
112,1,6439600,53,121502,28,376900,2,2,0,8,7,1,6,1457,0,7,5,6,26.49056604
113,1,3739770,18,207765,19,364850,1,2,0,2,6,0,4,3746,0,2,1,2,207.1111111
114,1,3386790,37,91535,16,366345,1,2,1,6,7,0,2,3415,0,3,3,4,91.2972973
115,1,9467440,17,556908,22,351245,2,2,1,3,5,1,6,3748,1,7,1,6,219.4705882
116,1,8294990,29,286034,12,302250,2,2,0,7,5,0,4,3749,0,7,2,6,128.2758621
117,1,4814660,10,481466,13,324545,1,4,0,9,3,1,4,3750,0,7,5,7,374
118,1,8753990,18,486333,23,379700,2,3,0,2,7,0,5,3751,0,2,1,2,207.3888889
119,1,2510830,18,139491,4,59145,1,2,1,3,5,1,4,3752,0,4,1,2,207.4444444
120,1,4210010,10,421001,26,365400,2,3,0,9,5,0,2,3535,1,7,6,6,352.5
121,1,5047300,4,1261825,24,360445,1,4,0,2,4,1,5,3754,0,2,1,2,937.5
122,1,3880420,5,776084,20,348045,2,4,0,9,7,1,4,3755,0,7,4,5,750
123,1,5247520,18,291529,16,366845,2,2,0,2,4,0,2,1770,0,2,1,2,97.33333333
124,1,1941820,12,161818,6,186100,1,2,1,5,5,0,3,1000,0,5,1,4,82.33333333
125,1,2510150,25,100406,7,210445,1,2,1,7,4,0,4,1234,0,3,2,5,48.36
126,1,3631280,47,77261,23,380095,1,4,0,6,6,0,2,1606,0,5,4,4,33.17021277
127,1,3616490,3,1205497,9,247545,2,2,0,3,6,0,6,2960,0,4,1,2,985.6666667
128,1,3237740,12,269812,28,386200,1,2,1,6,3,0,5,3761,0,5,1,4,312.4166667
129,1,4547770,9,505308,14,355000,2,2,0,4,5,1,6,2557,0,4,1,3,283.1111111
130,1,2063730,12,171978,10,303950,2,2,1,7,5,0,6,3763,0,7,1,6,312.5833333
131,1,9323000,19,490684,19,366545,2,2,0,2,6,0,3,1000,1,2,1,2,51.63157895
132,1,2604300,8,325538,22,350050,2,3,1,3,5,0,3,3765,0,7,1,6,469.625
133,1,9299790,34,273523,1,4500,2,2,1,8,6,0,3,3766,1,7,3,6,109.7647059
134,1,1998490,3,666163,22,351245,2,2,0,2,6,0,3,3767,0,2,1,2,1254.666667
135,1,3310700,4,827675,14,334600,2,3,0,4,4,0,5,1000,0,4,1,4,249
136,1,2227600,7,318229,6,185600,1,1,1,4,4,1,3,3769,0,4,1,3,537.4285714
137,1,6596740,10,659674,19,366045,2,2,0,2,6,0,3,2679,0,2,1,2,266.9
138,1,2310000,9,256667,15,325350,1,2,0,5,5,0,3,3771,0,6,1,4,418
139,1,4774000,8,596750,12,302750,2,4,0,9,5,1,4,3136,0,7,5,6,391
140,1,3084450,7,440636,20,348045,1,2,0,5,7,0,4,1000,0,5,1,4,141.8571429
141,1,4335240,40,108381,6,185350,2,4,1,5,6,0,4,3774,0,5,4,4,93.35
142,1,3070450,5,614090,30,381445,1,2,0,4,6,1,6,3775,0,4,1,4,754
143,1,19250170,12,1604181,19,359400,2,2,0,3,5,0,5,3776,1,7,1,6,313.6666667
144,1,3171300,13,243946,7,190035,1,4,1,9,5,0,4,3777,0,7,5,6,289.5384615
145,1,5734230,12,477853,28,376845,2,2,0,4,6,1,4,3778,0,4,1,4,313.8333333
146,1,6613410,36,183706,25,358300,2,4,0,8,5,1,4,3540,0,7,3,6,97.33333333
147,1,2182900,5,436580,26,365400,1,2,0,3,4,0,4,2512,1,4,1,2,501.4
148,1,2629050,11,239005,15,325350,1,1,1,9,5,0,5,3632,0,7,6,6,329.1818182
149,1,6542710,44,148698,7,210000,2,3,1,5,6,0,3,3782,0,5,4,4,84.95454545
150,1,3694700,5,738940,13,323350,1,2,0,2,4,0,3,2125,0,2,1,1,424
151,1,7552070,34,222120,30,379750,2,2,0,6,6,0,3,2224,0,5,3,4,64.41176471
152,1,5224840,13,401911,14,334350,2,2,0,3,6,0,3,1000,0,6,1,2,75.92307692
153,1,3048070,14,217719,18,340950,2,3,0,5,5,1,3,1000,0,5,1,4,70.42857143
154,1,7443220,18,413512,4,79100,2,2,0,9,6,0,4,3787,0,7,5,7,209.3888889
155,1,2352050,16,147003,10,304895,1,4,0,3,7,1,4,3788,0,4,1,2,235.75
156,1,5497840,41,134094,4,57950,2,2,0,5,6,1,3,2013,0,5,4,4,48.09756098
157,1,2438700,5,487740,1,7150,1,4,0,4,5,1,6,1318,0,4,1,4,262.6
158,1,8556160,92,93002,20,347395,2,2,0,8,4,1,3,3485,0,7,7,6,36.88043478
159,1,5682530,9,631392,10,323535,2,2,0,5,5,1,5,3585,0,5,1,4,397.3333333
160,1,3563750,26,137067,3,42750,1,2,1,4,7,0,4,3413,0,4,2,4,130.2692308
161,1,3279130,14,234224,25,358745,1,2,1,8,5,1,3,1776,0,7,1,6,125.8571429
162,1,4731400,5,946280,21,348945,1,4,0,6,5,0,4,3795,0,5,1,4,758
163,1,3705140,7,529306,23,379400,2,2,0,9,5,0,3,1510,0,7,4,6,214.7142857
164,1,3911800,8,488975,10,304700,2,3,1,9,3,0,4,3797,0,7,5,6,473.625
165,1,2005750,3,668583,9,246350,2,4,0,5,5,1,4,1000,0,6,1,3,332.3333333
166,1,23500530,46,510881,26,366345,2,2,0,4,5,1,3,3799,1,4,4,4,81.58695652
167,1,2203350,4,550838,25,357800,1,2,0,3,6,1,5,3593,0,4,1,5,897.25
168,1,3190290,8,398786,28,376845,1,2,1,5,7,0,3,1445,0,5,1,4,179.625
169,1,7390280,5,1478056,5,131095,2,4,0,2,7,0,5,3531,0,2,1,2,705.2
170,1,2588800,22,117673,4,57950,1,3,0,5,5,1,2,1281,0,5,2,4,57.22727273
171,1,3408240,5,681648,28,375650,2,1,0,3,4,0,3,2574,0,4,1,2,513.8
172,1,5799600,25,231984,8,260450,2,3,0,3,5,0,5,1000,0,7,2,6,39
173,1,6654900,8,831863,27,356450,2,1,0,2,4,0,3,3010,0,2,1,2,375.25
174,1,7814370,29,269461,9,246600,2,1,0,7,4,0,3,2923,0,7,2,6,99.79310345
175,1,2545080,3,848360,8,262145,2,3,0,4,5,0,5,3808,0,4,1,4,1268.333333
176,1,2545350,5,509070,23,379450,2,4,0,5,5,0,2,2787,0,5,1,4,556.4
177,1,6848220,8,856028,7,210695,2,3,0,2,3,0,3,1909,0,1,1,2,237.625
178,1,5265860,15,351057,24,358750,1,4,0,9,7,0,4,1199,0,7,4,6,78.93333333
179,1,4417450,6,736242,20,347200,2,1,0,4,6,0,5,3812,0,4,1,4,634.3333333
180,1,2598820,7,371260,17,365645,2,1,0,4,5,0,5,3813,0,4,1,4,543.7142857
181,1,1991640,3,663880,23,380095,2,4,1,2,5,0,6,3814,0,7,4,6,1270.333333
182,1,3515660,33,106535,7,210695,2,3,0,7,4,0,3,1268,1,7,3,6,37.42424242
183,1,7422670,10,742267,19,364850,2,4,0,3,4,0,4,2066,0,4,1,2,205.6
184,1,4114880,15,274325,16,364900,1,4,1,9,5,0,5,3817,0,7,5,5,253.4666667
185,1,3215270,12,267939,11,296395,1,3,1,4,4,0,5,3818,0,4,1,4,317.1666667
186,1,7370290,20,368515,21,348945,2,4,0,8,5,0,3,3341,0,7,2,6,166.05
187,1,2895370,10,289537,28,376400,1,4,0,5,2,0,3,3820,0,5,1,4,381
188,1,3379820,10,337982,4,58700,1,2,0,3,7,0,6,3287,0,4,1,2,327.7
189,1,4838350,16,302397,23,379595,2,4,0,9,5,0,4,3686,1,7,4,6,229.375
190,1,4839120,88,54990,30,381445,1,1,0,8,5,0,3,3823,0,3,7,6,42.44318182
191,1,7473830,13,574910,24,265635,2,3,0,2,4,0,3,3017,0,2,1,2,231.0769231
192,1,2260300,3,753433,29,374050,1,1,0,3,7,1,5,1855,0,4,1,2,617.3333333
193,1,2275200,10,227520,25,357550,1,2,1,5,3,1,4,3826,0,5,1,4,381.6
194,1,3863050,15,257537,19,366250,1,2,0,9,4,0,4,3620,0,7,3,6,240.3333333
195,1,3778200,3,1259400,7,230900,1,3,0,2,4,0,3,3828,0,2,1,2,1275
196,1,3460960,7,494423,21,347945,1,4,0,5,7,0,4,3829,0,5,1,4,546
197,1,4002290,8,500286,11,296895,2,1,0,9,4,0,4,3830,0,7,3,6,477.75
198,1,2775620,17,163272,14,334600,1,1,0,2,4,0,3,3831,0,2,1,2,224.3529412
199,1,8364850,5,1672970,25,357050,2,4,0,5,6,0,6,3832,0,5,1,3,765.4
200,1,2553200,19,134379,8,261395,1,4,1,7,5,1,4,3467,0,7,1,5,181.4736842
201,1,2763190,3,921063,15,326100,2,2,1,3,6,0,4,3834,0,4,1,2,1277
202,1,4631300,18,257294,7,209750,2,4,0,9,3,1,4,3835,1,7,4,6,212.0555556
203,1,3790000,4,947500,23,380095,1,1,1,3,5,0,5,1310,0,7,1,6,326.5
204,1,1955000,13,150385,6,186545,1,2,0,6,7,0,3,2335,0,6,1,4,178.6153846
205,1,21449000,14,1532071,14,334100,2,4,0,3,4,0,3,2718,1,4,1,2,193.1428571
206,1,2284510,19,120237,1,5945,1,2,0,5,4,0,3,3839,0,5,1,4,201.0526316
207,1,4523390,10,452339,19,365350,1,4,0,6,7,0,4,3745,0,5,1,3,373.5
208,1,11406550,34,335487,22,350495,2,2,0,6,6,0,5,3841,1,5,3,4,111.9705882
209,1,4878440,20,243922,30,380500,2,1,0,5,6,0,4,3479,0,5,2,4,172.95
210,1,21249060,18,1180503,1,4250,2,4,0,2,6,0,5,3843,1,2,1,2,212.5
211,1,4586990,13,352845,8,260950,1,2,1,1,6,0,5,3535,1,2,1,2,270.9230769
212,1,7001310,12,583443,19,365600,2,4,0,9,6,0,4,2589,0,7,5,6,214.75
213,1,26676000,17,1569176,5,130650,2,2,0,9,5,1,3,3466,1,7,5,5,202.8823529
214,1,3338750,6,556458,22,349550,1,2,1,3,6,0,7,3847,0,4,1,1,640.1666667
215,1,10366800,7,1480971,20,348545,2,2,0,2,6,1,7,1340,1,2,1,2,190.4285714
216,1,2395150,2,1197575,4,58895,2,4,0,4,5,1,4,1630,0,1,1,4,814
217,1,15085020,30,502834,6,185600,2,2,0,7,6,0,6,2080,1,7,3,6,68.33333333
218,1,1905040,22,86593,12,303500,1,4,0,5,5,0,4,3727,0,5,2,4,168.4090909
219,1,2029900,7,289986,14,335295,1,3,1,4,5,1,5,3852,0,4,1,4,549.2857143
220,1,3657550,25,146302,15,325850,1,4,0,6,5,0,4,3853,0,5,2,4,153.12
221,1,6072250,27,224898,12,303500,2,4,1,9,5,0,4,3854,0,7,2,7,141.7407407
222,1,2866550,4,716638,21,347250,2,2,0,3,7,0,3,1000,0,4,1,2,249
223,1,4193720,10,419372,4,77535,1,2,0,3,4,1,3,2767,0,4,1,2,275.7
224,1,3254850,17,191462,13,323795,2,3,0,5,6,1,3,1000,0,5,1,4,57.82352941
225,1,3381010,31,109065,28,377845,1,4,1,5,5,0,4,2618,0,5,3,5,83.4516129
226,1,2483230,11,225748,17,365145,1,3,1,2,6,0,5,5334,1,2,1,2,483.9090909
227,1,4787460,30,159582,29,373550,2,1,0,6,4,1,5,3860,0,5,3,4,127.6666667
228,1,1980230,13,152325,8,261895,1,2,1,4,6,0,3,3861,0,4,1,4,296
229,1,2568150,6,428025,23,400600,2,3,0,2,4,0,3,1000,1,2,1,2,165.6666667
230,1,3082460,21,146784,23,379200,1,4,0,8,7,1,4,3863,0,3,2,6,182.952381
231,1,2409660,22,109530,18,342645,1,1,1,6,4,0,3,1658,0,5,2,4,74.36363636
232,1,4204150,6,700692,25,358745,2,3,1,6,5,0,5,3865,0,5,1,4,643.1666667
233,1,7280850,15,485390,23,379150,2,2,0,3,6,0,3,3866,0,4,1,3,256.7333333
234,1,2371770,8,296471,22,351245,2,4,1,1,5,1,7,3867,0,7,1,6,482.375
235,1,2798500,1,2798500,20,346450,1,4,0,1,4,0,3,1867,0,2,1,2,1866
236,1,3452320,30,115077,1,6650,1,2,1,8,5,0,3,3869,0,7,3,6,127.9666667
237,1,4002100,5,800420,19,366695,2,2,0,4,6,0,4,3870,0,4,1,4,773
238,1,1928250,4,482063,22,349800,1,4,1,2,5,1,6,3871,0,7,5,3,966.75
239,1,7567630,6,1261272,15,325795,2,2,0,9,5,0,3,3872,0,7,4,6,644.3333333
240,1,2225510,4,556378,3,43945,1,3,0,4,5,1,5,3873,0,4,1,4,967.25
241,1,2319100,3,773033,13,344500,1,1,0,3,4,1,5,1657,0,4,1,2,551.3333333
242,1,2286390,14,163314,17,363700,1,2,0,9,4,0,4,3875,1,7,4,6,275.7857143
243,1,2358100,30,78603,21,347000,1,2,1,7,3,0,3,3876,0,7,3,6,128.2
244,1,2047000,4,511750,23,380395,2,4,0,1,7,0,2,1000,1,6,1,2,249
245,1,6043400,20,302170,19,365100,2,2,1,7,4,1,5,3878,0,7,2,6,192.9
246,1,13249060,26,509579,29,374550,2,2,0,7,6,1,4,3879,1,7,2,7,148.1923077
247,1,3804000,4,951000,7,210945,2,3,0,3,3,0,2,1000,1,4,1,2,249
248,1,2990500,19,157395,3,43250,1,4,0,6,7,1,4,3881,0,5,1,4,203.2631579
249,1,4107650,58,70822,27,355950,2,1,0,6,5,0,3,3882,0,5,5,4,65.93103448
250,1,2769600,2,1384800,1,4945,1,4,0,2,6,1,4,2339,0,2,1,2,1168.5
251,1,2000000,9,222222,18,342145,1,3,0,3,5,1,4,3884,0,7,1,6,430.5555556
252,1,2395000,6,399167,18,377500,2,1,0,2,4,0,3,3632,0,2,1,2,604.3333333
253,1,3290880,5,658176,19,367445,1,3,0,5,4,1,6,3886,0,5,1,3,776.2
254,1,2034530,6,339088,17,364395,1,4,1,4,5,0,4,3887,0,4,1,4,646.8333333
255,1,7284000,8,910500,22,350495,2,2,0,2,6,0,6,3888,0,2,1,2,485
256,1,3809020,20,190451,27,357645,1,2,0,5,6,0,5,3889,0,5,2,4,193.45
257,1,2656160,8,332020,28,377095,1,3,0,6,5,0,4,3890,0,5,1,4,485.25
258,1,2105500,17,123853,7,209750,1,2,1,3,7,1,5,3891,0,3,1,2,227.8823529
259,1,4093470,14,292391,12,302500,2,1,0,5,4,0,3,3892,0,5,1,4,277
260,1,3251490,10,325149,7,209500,2,4,0,6,3,0,6,3893,0,5,1,3,388.3
261,1,26044960,79,329683,12,304445,2,3,0,8,7,1,5,3894,1,7,7,6,48.29113924
262,1,2604760,10,260476,9,246600,1,2,1,3,5,0,2,2405,0,4,1,2,239.5
263,1,2907300,12,242275,29,374300,2,4,1,3,5,0,4,3896,0,4,1,2,323.6666667
264,1,4172650,21,198698,10,303450,2,2,0,5,7,1,4,3897,0,5,2,4,184.5714286
265,1,14113090,12,1176091,20,346950,2,4,0,1,3,1,3,975,1,2,1,2,80.25
266,1,2681900,5,536380,18,341200,2,2,0,3,5,0,5,3414,0,4,1,1,681.8
267,1,3348960,31,108031,21,347500,2,2,0,7,5,1,4,3900,0,7,3,6,124.8064516
268,1,6055020,24,252293,5,132095,2,2,0,5,4,0,4,3901,0,5,2,4,161.5416667
269,1,3318000,8,414750,27,357395,1,4,1,3,5,0,3,2561,0,4,1,2,319.125
270,1,16992070,32,531002,21,347000,2,2,1,7,4,0,5,3903,1,7,3,6,120.96875
271,1,8127990,18,451555,8,262145,2,3,0,2,4,1,3,2282,0,3,1,3,125.7777778
272,1,4944990,15,329666,20,347100,2,2,0,3,6,0,5,2262,0,4,1,2,149.8
273,1,2574350,5,514870,23,379150,1,1,0,5,6,0,4,2590,0,5,1,7,517
274,1,2304750,12,192063,18,340950,2,4,0,9,5,0,3,2914,0,7,5,6,241.8333333
275,1,5400300,5,1080060,1,7900,2,4,0,3,4,1,4,3908,0,4,1,2,780.6
276,1,3191210,11,290110,30,380250,2,4,1,5,5,1,4,3909,0,5,1,4,354.3636364
277,1,3153270,8,394159,5,131345,1,4,1,9,4,0,4,3769,0,7,5,6,470.125
278,1,3185070,33,96517,24,380400,1,2,1,6,5,0,3,3911,0,5,3,4,117.5151515
279,1,5922830,23,257514,21,347500,2,4,0,9,7,0,4,1000,0,7,2,5,42.47826087
280,1,2748300,12,229025,11,295950,1,2,1,6,7,0,4,3913,0,5,1,4,325.0833333
281,1,2240100,2,1120050,10,305145,2,4,1,9,5,0,5,3914,0,7,4,6,1956
282,1,2254880,17,132640,29,374495,2,2,0,4,6,0,4,3602,0,4,1,4,210.8823529
283,1,2578000,2,1289000,26,365845,1,4,0,1,5,1,5,1316,0,7,1,3,657
284,1,2536380,7,362340,25,357800,1,4,0,5,5,0,4,1616,0,1,1,4,229.8571429
285,1,3489660,16,218104,20,347795,2,3,0,5,6,1,3,3912,0,5,1,4,243.5
286,1,2648720,19,139406,17,363450,1,4,1,6,5,0,3,3919,0,5,1,4,205.2631579
287,1,2858800,8,357350,19,365350,2,2,0,4,4,0,2,1669,0,4,1,4,207.625
288,1,3122670,8,390334,4,57950,2,4,0,6,4,0,4,3921,0,5,1,4,489.125
289,1,8546110,65,131479,24,360195,2,2,0,7,7,0,3,3922,0,7,6,6,59.33846154
290,1,3513260,25,140530,22,350300,1,1,1,6,4,0,3,3923,1,5,2,4,155.92
291,1,5480300,21,260967,10,304395,2,4,0,6,5,0,3,3206,0,5,2,3,151.6666667
292,1,2286740,6,381123,8,262645,1,3,1,5,6,0,3,3925,0,5,1,4,653.1666667
293,1,2739900,24,114163,3,43195,1,1,1,4,4,0,3,3926,0,4,2,4,162.5833333
294,1,4061320,11,369211,12,303945,1,2,0,5,7,0,5,3836,0,5,1,4,347.7272727
295,1,19361400,13,1489338,20,347895,2,4,0,2,5,1,3,827,1,7,5,6,62.61538462
296,1,3815000,18,211944,4,57950,1,2,0,6,5,1,5,3468,0,5,1,4,191.6666667
297,1,2591350,23,112667,23,379700,2,4,0,6,7,0,4,2769,0,5,2,4,119.3913043
298,1,3333900,20,166695,30,381945,2,3,0,6,6,1,3,1608,0,5,2,4,79.4
299,1,8048480,5,1609696,23,380395,2,3,1,2,2,0,5,3932,0,2,1,2,785.4
300,1,1886100,2,943050,1,369700,2,2,0,2,3,0,3,3442,0,6,1,2,1720
301,0,4817810,18,267656,30,380000,1,2,1,2,6,0,3,1992,0,2,1,2,109.6666667
302,0,2329590,18,129422,10,305145,1,2,0,6,6,0,5,2612,0,5,1,4,144.1111111
303,0,3530500,12,294208,26,366595,2,3,0,2,6,0,6,3936,0,2,1,7,327
304,0,20500350,73,280827,27,357145,2,3,1,8,4,0,5,3937,1,7,7,6,52.93150685
305,0,9328620,41,227527,29,374050,2,2,0,5,6,0,3,3779,1,5,4,4,91.17073171
306,0,4684660,7,669237,9,248045,1,4,0,9,5,0,4,3616,0,7,6,6,515.5714286
307,0,3763020,23,163610,22,350995,1,3,1,9,5,0,4,3940,0,7,2,5,170.3043478
308,0,2477900,5,495580,16,366345,1,1,0,2,4,0,3,1448,1,2,1,2,288.6
309,0,8442690,28,301525,19,366295,2,4,0,6,5,0,2,2540,0,5,2,4,89.71428571
310,0,5943240,35,169807,19,365750,2,2,1,7,6,0,3,3943,0,7,3,6,111.6571429
311,0,4637260,26,178356,22,349550,1,2,0,7,7,0,3,2477,0,7,2,6,94.26923077
312,0,3081960,19,162208,17,363700,1,2,0,3,4,0,4,3945,0,4,1,2,206.6315789
313,0,2385080,14,170363,13,324100,1,2,1,4,6,0,3,3946,0,4,1,4,280.8571429
314,0,11463160,22,521053,13,323600,2,2,0,7,4,0,3,2299,1,7,2,5,103.5
315,0,3410520,32,106579,19,367195,1,4,0,4,5,0,4,3948,0,3,3,4,122.375
316,0,2888150,12,240679,9,246850,1,2,1,3,7,0,3,3949,0,4,1,2,328.0833333
317,0,1912540,12,159378,7,211195,1,3,1,2,5,0,3,3531,0,7,1,6,293.25
318,0,2502500,27,92685,11,297645,1,2,0,6,7,0,3,3232,0,5,2,4,118.7037037
319,0,13322780,30,444093,11,295950,2,4,0,8,5,1,4,3036,1,7,3,6,100.2
320,0,10840510,32,338766,23,380645,2,3,1,6,6,0,5,3953,1,5,3,4,122.53125
321,0,6726200,22,305736,10,304450,2,4,1,7,2,0,4,3954,1,7,2,6,178.7272727
322,0,5229290,19,275226,22,370935,2,3,0,2,3,1,4,3955,0,2,1,2,207.1578947
323,0,2126610,15,141774,20,348100,1,4,1,5,5,0,6,3956,0,5,1,7,262.7333333
324,0,6195890,26,238303,20,349045,1,4,0,7,6,1,4,3957,0,7,2,6,151.1923077
325,0,7552670,46,164188,20,346700,2,3,1,5,4,0,5,3958,0,5,4,4,85.04347826
326,0,2911980,8,363998,14,334795,1,3,1,5,4,0,5,3959,0,5,1,4,493.875
327,0,2674900,12,222908,5,130150,1,1,1,4,4,0,6,2853,0,1,1,4,236.75
328,0,8155940,34,239881,27,356700,2,3,0,6,6,0,3,3961,0,5,3,4,115.5
329,0,2104920,10,210492,13,322850,1,2,1,6,5,0,5,3011,0,5,1,4,300.1
330,0,47632350,95,501393,3,43945,2,2,1,8,6,1,5,3963,1,7,7,3,40.71578947
331,0,10363920,47,220509,20,348545,2,4,1,7,5,0,3,3887,1,7,4,6,81.70212766
332,0,10041030,73,137548,30,380750,2,3,1,9,5,0,3,3965,1,7,7,6,53.31506849
333,0,2624000,29,90483,28,376900,1,2,0,6,7,0,5,3966,0,5,2,4,135.7586207
334,0,2583310,21,123015,16,366845,1,2,1,5,5,0,3,3961,0,5,2,4,187.6190476
335,0,4300430,41,104889,14,333850,2,3,0,6,6,0,5,2288,0,5,4,4,54.80487805
336,0,3221920,30,107397,11,295700,1,1,1,6,4,0,5,3969,0,5,3,4,131.3
337,0,4395480,12,366290,20,347645,1,4,1,2,3,1,3,2020,0,2,1,2,167.3333333
338,0,7858650,24,327444,27,355950,1,4,1,6,3,0,4,3971,0,5,2,4,164.4583333
339,0,3601060,8,450133,29,374550,2,3,1,4,4,1,5,3972,0,4,1,5,495.5
340,0,3044900,12,253742,10,303700,2,2,0,4,7,0,3,3973,0,6,1,4,330.0833333
341,0,2827940,18,157108,9,247545,1,3,0,3,6,0,4,2067,0,4,1,2,113.8333333
342,0,8083470,6,1347245,6,186295,1,4,0,4,5,1,4,3969,0,4,1,4,660.5
343,0,21279530,37,575122,24,359695,2,4,0,7,5,1,4,3619,1,7,3,6,96.81081081
344,0,4020710,19,211616,22,349800,2,4,0,9,4,0,4,3977,0,7,4,6,208.3157895
345,0,5250100,9,583344,19,366750,2,4,0,9,6,1,4,1486,0,7,5,5,164.1111111
346,0,3334300,14,238164,3,42250,1,4,1,4,6,0,4,3979,0,4,1,4,283.2142857
347,0,2799090,19,147321,12,302750,2,2,0,2,6,0,5,3980,0,2,1,2,208.4736842
348,0,6057650,57,106275,24,359250,2,1,0,5,3,1,2,1000,1,5,5,4,16.54385965
349,0,18990930,21,904330,21,347750,2,2,0,5,5,1,5,3982,1,5,2,4,188.6190476
350,0,8965380,43,208497,6,184850,2,2,0,5,6,0,3,1366,0,5,4,4,30.76744186
351,0,4555120,33,138034,10,304395,2,2,0,8,4,0,4,3366,0,7,3,6,101
352,0,2549200,8,318650,3,43000,1,3,1,5,5,0,4,3985,0,5,1,3,497.125
353,0,2730300,15,182020,16,365150,1,3,0,5,4,0,5,3364,1,3,1,4,223.2666667
354,0,3468960,54,64240,5,130650,1,1,0,7,5,0,3,3987,0,7,5,6,72.83333333
355,0,3393550,14,242396,29,374745,1,4,1,3,5,0,4,3834,0,4,1,2,272.8571429
356,0,5597740,34,164639,1,4000,2,3,1,8,4,1,4,3782,0,7,3,6,110.2352941
357,0,36108540,67,538933,1,4250,2,1,0,7,3,0,5,3990,1,7,6,6,58.55223881
358,0,4396650,7,628093,24,360445,2,3,1,3,5,0,5,3991,0,4,1,2,569.1428571
359,0,4664920,41,113779,5,131345,2,2,0,5,4,0,4,3992,0,5,4,4,96.36585366
360,0,3030390,19,159494,1,8345,2,2,0,2,6,0,4,3480,1,2,1,2,182.1578947
361,0,5313720,34,156286,26,366095,2,3,0,8,6,0,5,2014,0,7,3,3,58.23529412
362,0,3221070,19,169530,27,357645,1,4,1,6,5,0,3,3995,0,5,1,4,209.2631579
363,0,6399410,9,711046,14,333350,1,2,1,2,5,0,5,1969,0,7,6,6,217.7777778
364,0,2448850,17,144050,24,360445,1,2,0,5,7,0,5,3997,0,5,1,4,234.1176471
365,0,3118950,24,129956,22,350050,1,2,1,6,6,1,5,1782,0,5,2,4,73.25
366,0,5828440,11,529858,19,386500,2,1,1,9,4,0,4,3999,1,1,5,6,362.5454545
367,0,4180660,11,380060,6,186100,2,2,0,2,6,0,4,2264,0,2,1,2,204.8181818
368,0,3053750,23,132772,23,363935,1,1,1,7,4,0,4,4001,1,7,2,5,172.9565217
369,0,2316780,21,110323,13,322850,1,2,0,6,6,0,4,4002,0,5,2,3,189.5714286
370,0,10534850,36,292635,11,295450,2,2,0,8,7,0,3,2668,1,7,3,6,73.11111111
371,0,8903410,97,91788,13,324045,2,4,0,9,5,0,2,2681,0,7,7,6,26.63917526
372,0,4758980,23,206912,5,131595,2,4,0,5,7,0,3,4005,0,5,2,4,173.1304348
373,0,2197290,4,549323,14,353435,2,3,1,5,6,0,4,4006,0,5,1,4,1000.5
374,0,8458060,25,338322,27,356450,2,2,1,8,6,0,5,4007,0,7,2,6,159.28
375,0,6664580,22,302935,23,378950,2,4,0,4,4,0,4,2649,0,4,2,4,119.4090909
376,0,12021980,14,858713,18,341450,2,2,0,3,5,0,3,3546,1,4,1,5,252.2857143
377,0,6171290,13,474715,26,364900,2,2,0,3,5,1,5,4010,0,4,1,2,307.4615385
378,0,3372800,16,210800,22,351745,1,1,1,1,6,1,2,2223,0,2,1,2,137.9375
379,0,3845840,20,192292,25,358300,1,2,1,7,7,0,3,2033,0,7,2,6,100.65
380,0,5025440,27,186127,5,131400,2,4,0,6,5,1,4,3198,0,5,2,4,117.4444444
381,0,2525150,10,252515,6,185795,1,3,1,6,3,0,3,4014,0,6,1,4,400.4
382,0,6364710,28,227311,23,379400,2,2,1,6,7,0,5,4015,0,5,2,4,142.3928571
383,0,2483340,24,103473,29,374300,2,1,0,7,4,0,4,3771,1,7,2,6,156.125
384,0,7444940,32,232654,25,359245,2,3,0,7,7,0,5,4017,0,7,3,6,124.53125
385,0,2764550,5,552910,27,357395,1,3,0,5,1,0,4,2298,0,5,1,4,458.6
386,0,3220450,8,402556,19,367445,1,3,1,5,4,0,3,4019,0,5,1,4,501.375
387,0,2596910,6,432818,20,347895,1,1,1,4,6,0,2,1796,0,4,1,4,298.3333333
388,0,6665240,21,317392,12,303000,2,2,0,5,7,0,5,3746,0,5,2,4,177.3809524
389,0,2151280,6,358547,19,366250,1,2,0,3,6,0,3,2414,0,4,1,2,401.3333333
390,0,5243680,10,524368,22,351495,2,1,1,6,3,0,6,4023,0,5,1,5,401.3
391,0,2336030,20,116802,29,375245,1,2,0,4,5,0,2,2229,0,4,2,7,110.45
392,0,3340530,16,208783,21,348195,2,3,0,5,6,0,2,2612,0,5,1,4,162.25
393,0,2232550,12,186046,22,350995,1,3,1,6,4,0,5,4026,0,5,1,4,334.5
394,0,3343920,35,95541,28,376400,1,2,1,7,4,0,3,3779,0,1,3,6,106.9714286
395,0,3071590,16,191974,11,317100,2,4,0,6,5,0,3,4028,0,5,1,4,250.75
396,0,2659350,9,295483,1,7650,1,3,1,5,5,0,5,4029,0,5,1,4,446.6666667
397,0,3491050,9,387894,25,358050,1,4,0,3,6,0,4,3601,0,4,1,2,399.1111111
398,0,6297990,28,224928,5,132345,2,2,1,7,7,1,5,4031,0,7,2,6,142.9642857
399,0,3031050,33,91850,26,365595,1,4,0,4,5,0,4,4032,0,4,3,4,121.1818182
400,0,9172750,18,509597,18,340950,2,1,0,2,6,1,5,4033,1,2,1,2,223.0555556
401,0,5511610,20,275581,19,385835,2,2,1,8,4,0,4,4034,0,7,2,6,200.7
402,0,5217730,43,121343,14,335545,2,2,0,5,7,0,3,4035,0,5,4,4,92.8372093
403,0,2820900,21,134329,22,351745,1,3,1,6,6,0,3,4036,0,5,2,4,191.1904762
404,0,2297280,15,153152,23,378950,1,2,1,2,7,0,5,4037,1,2,1,2,268.1333333
405,0,2684000,14,191714,16,365400,1,1,1,3,4,0,6,4038,0,4,1,5,287.4285714
406,0,5270980,25,210839,11,297645,2,3,0,7,5,0,5,3306,0,3,2,5,131.24
407,0,2777130,18,154285,23,379650,1,1,1,2,6,1,5,3736,0,2,1,2,206.5555556
408,0,4846670,18,269259,7,209750,2,2,0,7,4,0,5,1999,0,7,1,6,110.0555556
409,0,7723830,12,643653,11,296895,2,2,1,2,7,0,6,4042,0,2,1,2,335.8333333
410,0,8974400,17,527906,15,384135,2,2,0,2,6,0,3,4043,1,2,1,2,236.8235294
411,0,6567610,21,312743,1,6650,2,4,0,6,5,0,2,2532,0,5,2,4,119.5714286
412,0,8990470,20,449524,10,305395,2,3,1,6,5,0,5,4045,1,5,2,4,201.25
413,0,4620620,22,210028,8,262145,2,2,0,7,4,0,3,2217,0,7,2,6,99.77272727
414,0,4617730,13,355210,19,367445,2,1,0,2,4,0,5,4047,0,2,1,2,310.3076923
415,0,3287940,12,273995,12,303445,1,2,0,6,5,0,3,4048,0,5,1,4,336.3333333
416,0,2841570,7,405939,23,379700,1,4,1,5,5,1,4,4049,0,5,1,4,577.4285714
417,0,4589050,6,764842,30,381195,2,4,0,3,7,0,3,4050,0,4,1,3,674
418,0,3993060,18,221837,7,210250,1,4,0,2,5,0,3,3154,0,7,1,6,174.2222222
419,0,7990440,50,159809,16,364900,2,4,0,7,3,0,3,3668,0,6,5,6,72.36
420,0,4568180,7,652597,1,4695,2,2,0,4,5,0,5,4053,0,4,1,4,578
421,0,16037490,6,2672915,14,334545,2,4,0,2,4,0,5,1634,1,2,1,2,271.3333333
422,0,5948960,36,165249,23,380645,2,3,0,5,7,0,3,3416,1,5,3,5,93.88888889
423,0,6309020,26,242655,3,42500,2,2,0,8,4,0,3,3935,1,7,2,6,150.3461538
424,0,4437950,21,211331,19,367695,1,3,1,4,7,0,3,4057,0,4,2,4,192.1904762
425,0,11276060,17,663298,28,376400,2,1,0,3,5,0,4,4058,1,4,1,2,237.7058824
426,0,10264540,34,301898,11,296645,2,2,0,7,6,0,3,4059,1,7,3,6,118.3823529
427,0,3783830,15,252255,12,302250,1,4,0,5,5,0,3,4060,0,5,1,4,269.6666667
428,0,1963430,20,98172,24,359750,1,1,0,5,3,0,3,3262,1,5,2,4,162.1
429,0,1987600,24,82817,26,368600,1,3,0,7,4,0,3,1880,0,3,2,5,77.33333333
430,0,9764330,15,650955,22,350800,2,2,0,9,4,0,4,2621,1,7,1,6,173.7333333
431,0,15366510,56,274402,23,378900,2,3,0,7,6,0,4,4064,1,7,5,6,71.57142857
432,0,5585610,12,465468,9,247795,1,4,1,9,5,1,4,2312,0,1,4,6,191.6666667
433,0,5167390,28,184550,22,351245,2,2,0,5,6,0,3,1987,0,5,2,4,69.96428571
434,0,2078500,11,188955,1,4500,1,1,0,5,6,0,5,2492,0,5,1,4,225.5454545
435,0,2525020,16,157814,17,364895,1,2,0,6,6,0,5,4068,0,5,1,4,253.25
436,0,2224960,7,317851,12,303000,1,1,0,6,3,0,5,4069,0,5,1,4,580.2857143
437,0,6527290,39,167366,13,323600,2,4,0,8,4,0,4,4070,0,7,3,6,103.3589744
438,0,15152190,38,398742,15,326545,2,4,1,8,6,0,4,3821,1,6,3,6,99.55263158
439,0,6796410,106,64117,18,341895,2,2,0,8,5,0,6,2051,0,7,7,5,18.3490566
440,0,3202400,17,188376,24,359000,1,3,1,4,3,0,5,4073,0,4,1,5,238.5882353
441,0,6803390,20,340170,7,210000,2,3,1,6,5,0,3,4074,1,5,2,4,202.7
442,0,4403400,17,259024,13,324045,2,4,0,3,6,0,4,1803,0,4,1,2,105.0588235
443,0,3506510,12,292209,22,350800,1,2,1,2,6,0,3,2936,0,2,1,2,243.6666667
444,0,4592800,21,218705,18,341395,1,4,1,7,6,0,4,4077,0,7,2,6,193.1428571
445,0,10298150,27,381413,25,359245,2,4,0,7,7,0,4,4078,1,7,2,6,150.037037
446,0,3148500,13,242192,4,58200,1,3,1,3,7,0,3,2237,1,4,1,2,171.0769231
447,0,16260610,89,182703,21,348945,2,4,0,7,5,0,4,2195,1,7,7,6,23.66292135
448,0,3736050,68,54942,29,374800,2,1,0,8,6,0,4,4081,0,7,6,6,59.01470588
449,0,1936740,7,276677,22,350800,1,4,0,4,4,1,4,4082,0,4,1,4,582.1428571
450,0,7332310,16,458269,20,349045,2,3,0,3,5,0,5,2629,0,4,1,2,163.3125
451,0,17766460,51,348362,9,248045,2,3,0,8,4,0,4,4084,1,1,5,7,79.07843137
452,0,7142930,15,476195,23,380845,2,3,0,2,7,0,3,3409,0,2,1,2,226.2666667
453,0,12303240,20,615162,14,334795,2,2,0,5,5,0,7,4086,1,5,2,4,203.3
454,0,6354530,30,211818,19,366545,2,1,0,7,4,0,4,4087,1,7,3,6,135.2333333
455,0,6245570,9,693952,18,341450,2,1,1,3,6,0,5,4088,0,4,1,2,453.2222222
456,0,1941460,3,647153,26,365400,1,4,0,5,6,0,4,4089,0,5,1,5,1362
457,0,2827730,6,471288,7,209250,1,4,0,6,5,0,4,4090,0,5,1,4,680.6666667
458,0,2514950,13,193458,9,247045,1,1,0,7,4,0,3,4091,0,7,1,6,313.6923077
459,0,14022320,15,934821,6,186295,2,3,0,2,4,0,3,1841,1,2,1,2,121.7333333
460,0,13697240,78,175606,15,325600,2,2,0,7,7,0,6,4093,1,7,7,6,51.47435897
461,0,4160840,12,346737,10,303950,2,4,0,9,5,0,4,1602,0,7,5,6,132.5
462,0,4626290,62,74618,21,19300,1,2,0,7,5,1,4,4095,0,7,6,6,65.0483871
463,0,3407410,40,85185,19,366000,2,3,0,5,5,0,2,2773,0,5,4,5,68.325
464,0,2425520,30,80851,28,377345,1,2,1,6,6,0,3,3615,0,5,3,4,119.5
465,0,2706460,7,386637,5,131400,1,3,0,4,4,0,6,3322,0,4,1,4,473.5714286
466,0,2446520,18,135918,22,350745,2,3,0,4,5,0,3,1932,0,3,1,4,106.3333333
467,0,4889650,18,271647,25,358995,2,4,0,7,5,0,3,4100,0,7,1,6,226.7777778
468,0,4892350,16,305772,29,375745,2,4,1,2,4,0,7,4101,1,2,1,2,255.3125
469,0,2667750,5,533550,24,360000,2,2,1,2,7,0,5,4102,0,2,1,2,819.4
470,0,4258810,81,52578,6,186545,1,2,0,8,6,1,3,2670,0,7,7,6,31.96296296
471,0,2573420,39,65985,30,381195,1,2,0,7,6,0,3,2109,0,7,3,5,53.07692308
472,0,2815800,8,351975,8,261895,2,1,0,5,6,0,4,2210,0,5,1,4,275.25
473,0,5849720,25,233989,1,4750,2,2,1,6,6,0,4,4106,0,5,2,4,163.24
474,0,11326850,50,226537,4,59395,2,3,1,5,5,0,5,4107,1,5,5,3,81.14
475,0,19914730,73,272805,16,366095,2,1,1,7,7,0,3,3916,1,7,7,6,52.64383562
476,0,10626580,26,408715,23,381145,2,4,0,6,5,0,4,1844,1,5,2,4,69.92307692
477,0,5690710,25,227628,18,362100,2,1,1,8,4,1,4,4110,0,7,2,6,163.4
478,0,3991130,9,443459,14,335545,1,3,1,4,6,0,2,3344,0,6,1,4,370.5555556
479,0,24062850,20,1203143,25,357550,2,1,0,4,4,0,2,1945,1,4,2,4,96.25
480,0,2911800,42,69329,11,296895,1,4,0,6,5,0,4,4113,0,5,4,4,96.92857143
481,0,3274970,9,363886,25,358495,2,3,1,2,2,0,5,4114,1,2,1,2,456.1111111
482,0,4618050,13,355235,3,43445,2,2,0,3,6,0,5,4115,0,4,1,2,315.5384615
483,0,27186350,71,382906,10,305145,2,2,1,1,4,1,7,4116,1,2,7,2,56.97183099
484,0,4075400,6,679233,1,5000,2,3,0,9,5,0,3,2954,0,7,1,5,491.3333333
485,0,5988040,155,38633,1,5945,2,4,0,9,2,0,4,2322,0,7,7,6,13.98064516
486,0,23529530,125,188236,18,342145,1,3,1,7,6,1,3,3190,1,7,7,6,24.52
487,0,4057270,24,169053,6,185350,1,2,1,5,6,0,4,3542,0,5,2,4,146.5833333
488,0,3661190,22,166418,22,371200,1,2,1,6,4,1,5,4121,0,5,2,5,186.3181818
489,0,2281100,17,134182,20,348100,1,2,0,5,3,0,3,4122,0,5,1,4,241.4705882
490,0,2411980,24,100499,22,350300,1,2,1,6,6,1,4,4123,0,5,2,4,170.7916667
491,0,7360810,31,237445,16,365595,2,4,0,6,7,0,4,4124,0,3,3,4,132.0322581
492,0,6234550,28,222663,1,8345,2,2,0,8,6,0,5,3165,0,7,2,6,112.0357143
493,0,3678160,13,282935,19,366100,1,4,1,3,4,0,4,2620,0,4,1,2,200.5384615
494,0,5056190,44,114913,27,357200,2,1,0,5,4,1,3,2344,0,5,4,4,52.27272727
495,0,5081180,21,241961,27,356895,2,1,0,7,5,0,3,2728,0,7,2,6,128.9047619
496,0,3738330,13,287564,5,132345,2,2,0,5,4,0,2,2445,0,5,1,5,187.0769231
497,0,1981390,14,141528,22,350550,1,4,0,3,5,1,3,1563,0,4,1,2,110.6428571
498,0,7583360,32,236980,12,303250,2,4,0,7,5,0,4,4131,0,7,3,6,128.09375
499,0,4381950,19,230629,17,365145,2,3,0,5,6,0,6,1000,0,5,1,7,51.63157895
500,0,9875170,42,235123,8,260450,2,2,0,8,4,0,3,2734,1,7,4,6,64.0952381
501,0,5746950,51,112685,20,368100,2,1,1,8,4,1,4,4134,0,7,5,6,80.05882353
502,0,2603520,19,137027,26,365150,1,4,1,3,4,1,4,4135,0,4,1,2,216.6315789
503,0,2815940,12,234662,20,347600,1,1,0,3,4,0,3,4136,0,4,1,2,343.6666667
504,0,10838570,33,328442,9,246795,2,4,0,5,5,0,4,2569,1,1,3,4,76.84848485
505,0,2227170,20,111359,29,374995,1,2,1,3,5,1,5,3931,0,4,2,2,195.55
506,0,2870000,18,159444,29,374800,1,3,0,4,6,0,6,4139,0,4,1,4,228.9444444
507,0,3398950,28,121391,29,373800,1,2,0,6,4,0,4,4140,0,5,2,4,146.8571429
508,0,4843870,12,403656,18,341895,2,4,0,5,5,0,2,2945,0,5,1,4,244.4166667
509,0,11870830,63,188426,3,43000,2,4,0,8,5,0,3,4142,1,7,6,6,64.74603175
510,0,5307000,18,294833,20,346450,1,2,0,9,6,0,4,4143,0,7,4,6,229.1666667
511,0,17722700,33,537052,26,365900,2,2,0,7,4,0,4,4144,1,7,3,6,124.5757576
512,0,19339330,80,241742,24,359945,2,1,0,5,4,0,5,4145,1,5,7,5,50.8125
513,0,2986950,7,426707,9,247295,1,4,0,5,6,0,5,3726,0,5,1,4,531.2857143
514,0,2396000,11,217818,6,300635,1,1,0,9,4,0,4,2691,1,7,5,1,243.6363636
515,0,10982670,51,215346,13,324545,2,3,1,6,7,0,4,4148,1,5,5,4,80.33333333
516,0,2907430,8,363429,23,398735,1,4,0,5,5,0,4,4149,0,5,1,4,517.625
517,0,7066660,23,307246,15,326545,2,2,0,7,5,0,5,4150,0,7,2,6,179.4347826
518,0,3520100,14,251436,14,334795,1,4,1,3,5,0,4,4151,0,4,1,2,295.5
519,0,3298290,14,235592,29,374300,1,2,1,5,3,0,5,4152,0,5,1,4,295.5714286
520,0,5299690,13,407668,9,345635,2,1,0,2,4,0,3,2959,0,3,1,2,226.6153846
521,0,2743520,26,105520,28,377095,1,3,0,6,4,1,4,3947,0,5,2,4,150.8076923
522,0,3575170,18,198621,14,334100,1,2,1,3,5,0,3,4149,0,4,1,2,229.5
523,0,6455900,26,248304,23,379150,2,3,0,7,5,0,3,2694,0,7,2,6,102.6153846
524,0,2448000,6,408000,6,186545,1,1,0,3,4,0,2,1959,0,4,1,3,325.5
525,0,5801450,27,214869,5,130150,2,2,0,3,6,0,4,2891,0,4,2,2,106.0740741
526,0,3805000,10,380500,14,335045,1,2,0,4,6,0,4,4003,0,4,1,4,399.3
527,0,3062930,11,278448,20,346950,1,4,1,6,2,0,4,4160,0,5,1,4,377.1818182
528,0,2725650,8,340706,23,380645,1,2,0,5,7,1,5,4161,0,5,1,4,519.125
529,0,2437500,4,609375,19,365750,1,1,0,3,6,0,4,4162,0,4,1,3,1039.5
530,0,4295100,4,1073775,19,366100,1,2,0,2,6,0,5,4157,0,2,1,2,1038.25
531,0,8709170,48,181441,1,7650,2,1,0,5,4,0,4,4164,0,5,4,4,85.75
532,0,3612590,21,172028,15,324850,1,2,1,7,6,0,3,4165,0,7,2,6,197.3333333
533,0,2437380,90,27082,23,379150,1,4,0,9,5,0,4,4166,0,7,7,6,45.28888889
534,0,2497340,22,113515,13,323350,2,2,0,7,7,0,4,4167,0,7,2,5,188.4090909
535,0,8269890,21,393804,5,131595,2,2,0,6,5,0,5,4168,0,6,2,4,197.4761905
536,0,2715900,10,271590,28,376150,2,4,1,6,5,0,3,4169,0,5,1,4,415.9
537,0,2271880,27,84144,9,247045,1,3,1,7,6,0,6,4170,0,7,2,6,153.4444444
538,0,3970950,16,248184,21,347945,2,4,0,5,4,0,4,1725,0,5,1,4,106.8125
539,0,6161780,15,410785,15,326045,2,1,0,5,4,0,5,4172,0,5,1,4,277.1333333
540,0,2300740,6,383457,13,323850,1,3,0,4,6,0,4,4173,0,4,1,4,694.5
541,0,7760200,63,123178,1,3750,2,2,0,7,5,0,3,2823,0,7,6,6,43.80952381
542,0,33189430,66,502870,4,58645,2,4,1,9,6,1,4,4175,1,7,6,6,62.25757576
543,0,3629010,20,181451,6,185100,1,3,1,7,7,0,5,4176,0,7,2,1,207.8
544,0,3084330,5,616866,6,185850,1,3,1,3,6,0,5,4177,0,4,1,3,834.4
545,0,12485030,37,337433,13,323100,2,2,0,5,7,0,3,4178,1,5,3,4,111.9189189
546,0,5601640,10,560164,1,8345,2,3,1,9,4,0,4,3935,0,7,6,6,392.5
547,0,6708860,109,61549,26,365650,2,4,0,9,3,0,4,2213,0,7,7,6,19.30275229
548,0,2643420,22,120155,24,360000,2,3,0,4,6,0,4,2964,0,4,2,4,133.7272727
549,0,1991870,16,124492,13,324100,1,2,0,9,6,1,4,4182,1,7,5,6,260.375
550,0,14410060,24,600419,29,375245,2,2,1,7,5,0,6,4183,1,7,2,6,173.2916667
551,0,5751540,23,250067,6,185600,1,2,0,8,6,0,4,4184,0,1,2,6,180.9130435
552,0,8263990,42,196762,19,365100,2,4,0,5,5,0,4,1955,0,5,4,4,45.54761905
553,0,2825680,23,122856,1,8095,1,4,1,5,4,0,4,4186,0,5,2,4,181
554,0,7545460,71,106274,23,380345,2,2,0,9,4,1,4,1631,0,7,7,6,21.97183099
555,0,4333160,17,254892,22,349800,2,3,0,3,2,0,3,4188,0,4,1,2,245.3529412
556,0,3078920,52,59210,25,357300,1,2,1,5,6,0,3,4189,0,5,5,5,79.55769231
557,0,6570370,28,234656,4,57700,2,4,1,8,3,1,4,4070,0,7,2,3,144.3571429
558,0,5567900,20,278395,28,377345,2,2,0,5,7,0,7,4191,0,5,2,4,208.55
559,0,2490950,5,498190,19,366795,2,2,0,6,7,0,5,4192,0,5,1,4,837.4
560,0,5625500,19,296079,21,347750,2,3,0,3,3,0,3,2904,0,4,1,2,151.8421053
561,0,8417990,34,247588,1,8845,2,2,1,6,6,0,4,4194,0,5,3,4,122.3529412
562,0,19821100,57,347739,27,388300,1,4,1,8,5,1,4,4195,1,7,5,6,72.59649123
563,0,3001010,24,125042,5,131845,2,4,0,6,4,0,3,3989,0,5,2,4,165.2083333
564,0,2747600,8,343450,15,326545,1,2,1,6,5,1,5,3080,0,5,1,4,384
565,0,8202100,18,455672,21,347500,2,2,0,9,5,0,5,3052,0,7,5,6,168.5555556
566,0,2928400,28,104586,17,364450,1,2,1,6,6,0,3,2991,0,5,2,7,105.8214286
567,0,6626380,55,120480,16,365650,2,2,0,6,7,1,4,3281,0,5,5,4,58.65454545
568,0,4335090,49,88471,20,347895,1,2,0,7,6,0,4,4201,0,3,4,6,84.73469388
569,0,29551650,49,603095,23,379845,2,2,1,4,7,0,4,4202,1,4,4,4,84.75510204
570,0,3378100,10,337810,1,4750,1,4,1,9,3,0,4,3824,0,7,4,6,381.4
571,0,2814760,30,93825,22,349550,1,2,0,7,6,1,4,4204,0,7,3,6,139.1333333
572,0,3779160,25,151166,7,210000,1,2,0,7,5,1,4,1694,0,7,2,1,66.76
573,0,33766490,16,2110406,6,186295,2,4,0,2,6,0,5,4206,1,2,1,2,261.875
574,0,2830540,11,257322,3,62335,1,2,0,3,6,0,2,2090,0,4,1,2,189
575,0,2472550,8,309069,11,295950,1,2,0,3,4,1,6,4208,0,4,1,2,525
576,0,11379990,31,367096,30,381445,2,2,0,7,6,0,3,2819,1,7,3,6,89.93548387
577,0,3135910,56,55998,25,357800,1,2,0,8,6,0,4,3945,0,7,5,5,69.44642857
578,0,9099380,21,433304,1,7845,2,2,0,7,5,0,5,4015,1,7,2,6,190.1904762
579,0,61777090,77,802300,26,365150,2,2,0,8,5,0,5,2415,1,7,7,6,30.36363636
580,0,16978550,35,485101,14,334545,2,2,1,6,6,0,4,4213,1,5,3,4,119.3714286
581,0,2206420,5,441284,18,341700,1,4,0,3,5,0,7,4214,0,4,1,2,841.8
582,0,3770430,13,290033,29,373800,1,4,1,5,5,1,2,3833,0,5,1,4,293.8461538
583,0,3385910,23,147213,13,324545,2,3,1,4,4,0,6,4216,1,4,2,4,182.3043478
584,0,29062270,68,427386,13,307435,2,2,0,7,6,0,4,4217,1,7,6,6,61.01470588
585,0,4235540,18,235308,22,350995,2,4,0,9,5,0,2,2180,0,7,1,6,120.1111111
586,0,2807680,19,147773,13,324795,1,2,1,2,7,0,7,4219,1,6,1,2,221.0526316
587,0,18520640,59,313909,30,380250,2,2,1,8,4,0,5,4220,1,7,5,6,70.52542373
588,0,3979430,35,113698,23,379450,2,4,0,7,5,0,2,2293,0,7,3,3,64.51428571
589,0,2592480,7,370354,4,58200,2,3,1,4,3,0,4,4222,1,4,1,4,602.1428571
590,0,15881920,42,378141,7,209500,2,2,0,5,6,0,4,4223,1,5,4,3,99.54761905
591,0,4059950,19,213682,14,334350,2,1,0,2,4,0,2,3375,0,2,1,2,176.6315789
592,0,2358700,5,471740,29,375245,1,3,0,2,1,1,5,4225,1,2,1,2,844
593,0,3344690,19,176036,15,325350,1,2,0,9,5,1,4,4226,1,7,4,6,221.4210526
594,0,8419540,52,161914,15,325850,2,2,1,7,6,0,4,4227,1,7,5,6,80.28846154
595,0,13629770,17,801751,8,261200,2,1,0,2,6,0,6,4228,1,2,1,2,247.7058824
596,0,3507200,7,501029,13,323350,1,3,1,9,1,0,4,3928,0,7,5,6,560.1428571
597,0,7661350,22,348243,8,262395,2,1,0,6,4,1,5,4230,1,5,2,4,191.2727273
598,0,4752160,30,158405,6,184850,2,1,0,5,4,0,2,2190,0,5,3,4,72
599,0,2610350,19,137387,1,4695,1,2,0,9,5,0,4,4232,1,7,6,6,221.7368421
600,0,2205100,11,200464,3,43945,1,2,0,2,7,0,5,4233,1,2,1,2,383.8181818
601,0,10952590,36,304239,22,350300,2,4,0,7,5,0,4,3781,1,7,3,1,104.0277778
602,0,2467700,15,164513,21,346750,1,2,1,6,6,0,3,3779,0,5,1,5,250.9333333
603,0,7065960,17,415645,30,380945,2,2,1,3,6,0,5,3965,0,4,1,2,232.2352941
604,0,4728660,30,157622,12,303695,2,2,0,6,5,0,5,4237,1,5,3,4,140.2333333
605,0,3638890,16,227431,22,350550,1,2,1,3,5,0,5,4238,1,4,1,2,263.875
606,0,4317260,25,172690,9,247295,1,4,1,6,6,1,4,4239,1,5,2,4,168.56
607,0,3096770,10,309677,1,5195,1,2,1,3,3,1,4,4240,1,4,1,2,423
608,0,3693640,16,230853,28,375650,2,2,1,3,6,0,3,3864,0,4,1,2,240.5
609,0,4909020,13,377617,13,324295,1,2,1,3,7,0,4,4242,1,4,1,2,325.3076923
610,0,4600450,5,920090,7,210195,2,2,0,2,6,0,5,1712,0,2,1,2,341.4
611,0,2684900,14,191779,26,365150,1,4,0,5,7,0,4,4244,1,5,1,4,302.1428571
612,0,4193600,7,599086,15,326100,2,2,0,4,6,1,3,3999,0,4,1,4,570.2857143
613,0,2330810,15,155387,5,130650,1,4,0,4,4,0,4,3756,0,4,1,7,249.4
614,0,2181960,16,136373,14,335045,1,2,0,3,5,0,3,2218,0,3,1,2,137.625
615,0,2717390,18,150966,4,58895,1,2,1,3,5,0,4,4248,1,4,1,2,235
616,0,3241100,7,463014,22,350995,1,4,1,3,6,0,2,1000,0,4,1,2,141.8571429
617,0,2593500,10,259350,21,348695,1,2,1,5,5,0,5,4250,1,5,1,4,424
618,0,1995600,12,166300,23,381145,2,3,0,5,6,0,4,3260,0,5,1,4,270.6666667
619,0,3320060,29,114485,22,350745,1,3,1,6,2,0,3,4252,1,5,2,1,145.6206897
620,0,6688450,8,836056,24,359000,2,2,0,3,7,1,5,4253,1,4,1,2,530.625
621,0,6476920,36,179914,9,247545,2,4,0,8,3,0,2,2322,0,7,3,6,63.5
622,0,14840160,64,231878,11,295700,2,4,1,7,5,0,5,4255,1,7,6,6,65.484375
623,0,2284290,18,126905,22,369635,1,2,0,5,5,0,3,2198,0,5,1,4,121.1111111
624,0,4090820,28,146101,10,305645,1,1,0,6,4,0,3,4207,0,5,2,5,149.25
625,0,4796170,57,84143,8,261200,2,4,1,2,6,0,7,4258,1,2,5,2,73.70175439
626,0,7579090,35,216545,14,333600,2,3,0,6,5,0,5,4259,1,5,3,4,120.6857143
627,0,2731620,14,195116,20,346700,1,3,0,4,7,0,5,4260,1,4,1,4,303.2857143
628,0,2458900,13,189146,26,366845,1,4,1,5,7,0,4,4049,0,5,1,4,310.4615385
629,0,2658000,12,221500,20,328035,1,4,0,5,5,0,4,2314,0,5,1,4,191.8333333
630,0,2420780,23,105251,22,350050,1,4,1,8,5,1,4,4056,0,7,2,6,175.3478261
631,0,2651050,13,203927,11,296200,1,2,1,2,6,0,3,2776,0,2,1,2,212.5384615
632,0,6830700,13,525438,4,59145,2,4,1,3,5,1,3,3910,0,1,1,2,299.7692308
633,0,2576100,8,322013,12,303695,1,4,1,5,7,0,4,3006,0,5,1,3,374.75
634,0,4984000,15,332267,20,347450,2,4,0,2,3,0,4,4267,1,2,1,1,283.4666667
635,0,4484460,18,249137,20,347450,2,4,0,2,5,0,7,4268,1,7,1,6,236.1111111
636,0,6292300,16,393269,16,366095,2,2,0,2,6,0,5,4269,1,2,1,2,265.8125
637,0,5863540,36,162876,18,341700,2,4,1,8,5,0,4,4270,1,7,3,6,117.6111111
638,0,4042930,16,252683,8,261895,1,2,0,9,4,0,4,3609,1,7,4,6,224.5625
639,0,2341630,20,117082,21,347250,1,2,0,6,4,0,3,3744,1,5,2,4,186.2
640,0,3239700,17,190571,19,367945,1,3,1,5,6,0,2,1712,0,5,1,4,99.70588235
641,0,2721250,5,544250,17,364395,1,4,0,5,3,1,6,4274,1,5,1,4,853.8
642,0,3271830,15,218122,4,58450,1,3,1,2,3,0,5,4275,1,2,1,2,284
643,0,2052400,14,146600,22,350050,1,2,0,9,5,1,2,1000,1,7,5,6,70.42857143
644,0,6513530,53,122897,3,43695,2,2,0,7,5,1,3,4277,1,7,5,6,79.69811321
645,0,3716000,30,123867,21,348000,1,2,1,8,5,0,3,3467,0,7,3,5,114.5666667
646,0,10302930,59,174626,19,365850,2,4,0,7,6,0,4,1783,1,7,5,6,29.22033898
647,0,9860110,18,547784,10,305645,2,4,0,2,2,1,3,2740,1,2,1,2,151.2222222
648,0,6553440,32,204795,24,360195,2,4,0,6,5,1,4,3624,0,5,3,1,112.25
649,0,3954250,11,359477,20,348145,1,4,0,3,6,0,4,2537,0,3,1,2,229.6363636
650,0,8245750,25,329830,3,44445,2,3,1,7,5,0,4,4283,1,7,2,6,170.32
651,0,2583030,12,215253,23,380345,1,2,1,4,5,1,5,3871,0,4,1,4,321.5833333
652,0,11993460,44,272579,8,260950,2,2,0,6,3,1,5,1699,1,5,4,4,37.61363636
653,0,4966750,26,191029,9,247545,2,2,0,6,3,0,4,2409,0,5,2,4,91.65384615
654,0,3443500,18,191306,19,366500,1,2,1,2,6,0,4,4287,1,2,1,2,237.1666667
655,0,2783500,13,214115,15,326295,1,2,0,1,7,0,5,4288,1,2,1,2,328.8461538
656,0,3056350,9,339594,20,347350,1,3,0,6,6,1,3,3982,0,5,1,4,441.4444444
657,0,3598490,23,156456,26,364900,1,1,1,6,3,0,5,4290,1,5,2,4,185.5217391
658,0,2208550,5,441710,9,246100,1,2,0,4,5,0,3,3688,0,4,1,7,736.6
659,0,3693240,24,153885,11,296200,1,2,1,4,7,0,3,4292,1,4,2,4,177.8333333
660,0,2925260,51,57358,15,325600,2,2,0,6,5,0,3,1718,0,5,5,3,32.68627451
661,0,2751050,11,250095,22,350550,1,3,1,9,5,0,3,4294,1,7,6,6,389.3636364
662,0,3091530,13,237810,12,304195,1,3,0,6,5,0,5,1910,0,5,1,4,145.9230769
663,0,2355900,8,294488,20,347350,1,2,1,6,6,0,6,3619,0,5,1,4,451.375
664,0,3050750,22,138670,18,342145,1,3,1,7,6,0,3,3778,1,7,2,6,170.7272727
665,0,5459480,34,160573,14,333850,2,3,0,9,3,0,3,3851,1,7,3,6,112.2647059
666,0,5228540,18,290474,10,304200,2,2,1,9,5,0,4,4299,1,7,4,6,237.8333333
667,0,3159030,72,43875,9,267500,1,2,1,8,7,1,4,4300,1,7,7,6,58.72222222
668,0,4485030,8,560629,24,360945,2,1,1,2,5,0,5,4301,1,6,1,6,536.625
669,0,12595290,20,629765,20,347795,2,2,0,6,4,1,3,1678,1,5,2,4,82.9
670,0,6028500,21,287071,4,57450,2,2,0,6,6,0,3,4303,1,5,2,4,203.9047619
671,0,2705790,14,193271,18,341200,1,2,1,3,6,0,5,2315,0,4,1,5,164.3571429
672,0,2360150,9,262239,28,377595,1,4,0,6,5,1,4,4098,0,5,1,4,454.3333333
673,0,11151760,54,206514,8,251035,2,2,0,8,7,0,4,2695,1,7,5,3,48.90740741
674,0,9901740,24,412573,12,302500,2,2,0,7,6,0,5,4307,1,7,2,6,178.4583333
675,0,1994190,9,221577,16,366345,1,2,0,3,7,0,4,4308,1,4,1,2,477.6666667
676,0,2715020,20,135751,23,379950,1,4,0,7,5,1,4,4309,1,7,2,6,214.45
677,0,2247370,12,187281,5,130900,2,2,0,9,5,0,5,4310,1,7,5,6,358.1666667
678,0,5603640,7,800520,25,358050,2,1,0,2,4,0,5,4311,1,2,1,2,614.8571429
679,0,2804800,46,60974,30,380000,1,1,1,5,5,0,5,4041,0,5,4,4,86.84782609
680,0,5659640,28,202130,9,247100,2,4,0,7,5,0,4,4313,1,7,2,6,153.0357143
681,0,2873340,9,319260,17,364700,1,2,0,9,7,0,4,1000,1,7,6,6,110.1111111
682,0,6978490,41,170207,11,296200,2,2,0,5,5,0,3,2525,0,5,4,3,60.58536585
683,0,5169410,28,184622,23,379895,2,2,0,6,5,0,5,4316,1,5,2,4,153.1428571
684,0,2915670,14,208262,17,365145,1,2,1,2,5,0,5,4317,1,7,1,6,307.3571429
685,0,4106220,10,410622,5,131845,1,4,1,9,5,0,4,4318,1,3,5,6,430.8
686,0,3950410,18,219467,21,346750,1,3,1,3,4,0,6,4319,1,4,1,3,238.9444444
687,0,2512040,25,100482,17,364895,1,3,0,6,5,0,3,4320,1,5,2,4,171.8
688,0,7424550,11,674959,24,359945,1,1,1,2,4,1,5,3438,0,2,1,2,311.5454545
689,0,4878400,9,542044,19,366250,2,2,0,2,4,0,5,2130,0,2,1,2,235.6666667
690,0,5332050,20,266603,11,297145,2,3,0,7,7,0,3,2860,0,7,2,6,142
691,0,6212780,20,310639,16,365845,2,2,0,6,6,1,5,4324,1,5,2,4,215.2
692,0,5415020,10,541502,19,366945,1,2,1,2,4,0,4,4028,0,2,1,2,401.8
693,0,5127280,42,122078,16,366095,2,1,1,6,6,0,5,4326,1,5,4,5,102
694,0,3559700,23,154770,3,42500,1,2,0,7,7,0,3,4327,1,7,2,6,187.1304348
695,0,2409000,21,114714,26,366345,1,3,0,6,5,0,4,4328,1,5,2,4,205.0952381
696,0,3289750,6,548292,17,383535,1,2,1,2,5,1,6,4329,1,2,1,2,720.5
697,0,4038700,21,192319,19,366250,1,4,1,6,4,0,4,2147,0,5,2,4,101.2380952
698,0,3536730,16,221046,26,366095,1,1,1,2,6,0,3,4331,1,2,1,2,269.6875
699,0,12130760,22,551398,29,375245,2,1,0,5,6,0,5,4032,1,5,2,5,182.2727273
700,0,12330050,17,725297,22,350050,2,2,1,2,4,0,5,4333,1,2,1,2,253.8823529
701,0,2321830,22,105538,25,357995,1,1,0,6,5,0,3,4031,0,5,2,4,182.2272727
702,0,7159350,30,238645,13,323850,2,4,0,6,5,0,2,2594,0,5,3,4,85.46666667
703,0,6604940,22,300225,5,131095,2,3,0,7,6,0,4,4336,1,7,2,6,196.0909091
704,0,7637150,7,1091021,23,378650,2,2,0,5,6,0,4,4337,1,5,1,4,618.5714286
705,0,9316840,26,358340,10,304200,2,2,0,7,4,0,4,3164,1,7,2,5,120.6923077
706,0,7519320,7,1074189,25,358745,2,4,0,2,5,0,7,4339,1,2,1,2,618.8571429
707,0,5556640,20,277832,20,347100,2,2,1,7,6,0,3,4340,1,7,2,6,216
708,0,2332350,18,129575,1,8845,1,2,1,6,6,0,2,2832,0,5,1,4,156.3333333
709,0,28033570,49,572114,10,304895,2,4,1,5,4,0,4,4342,1,5,4,4,87.6122449
710,0,25220240,105,240193,27,356700,1,1,1,7,4,0,2,4343,1,1,7,5,40.36190476
711,0,4458860,28,159245,26,366345,1,4,1,7,7,0,4,4344,1,7,2,6,154.1428571
712,0,11687390,19,615126,20,347850,2,4,0,3,5,0,3,2727,1,4,1,2,142.5263158
713,0,22193700,125,177550,26,366845,2,2,0,9,7,0,4,4340,1,7,7,6,33.72
714,0,8968300,55,163060,29,392400,2,1,1,6,5,0,5,4347,1,5,5,4,78.03636364
715,0,4978470,15,331898,29,374995,1,3,1,2,6,0,5,3017,0,2,1,2,200.1333333
716,0,5808100,24,242004,19,367000,2,1,1,8,6,0,5,4131,0,7,2,7,171.125
717,0,4334870,22,197040,11,296450,1,3,0,6,7,0,3,4350,1,5,2,4,196.7272727
718,0,2973140,22,135143,22,350300,1,2,1,6,6,0,2,2607,0,5,2,4,117.5
719,0,3750500,13,288500,3,43695,1,1,0,2,4,0,3,4352,1,2,1,2,333.7692308
720,0,4068200,22,184918,1,7900,1,1,0,6,6,0,6,4353,1,5,2,4,196.8636364
721,0,6110900,16,381931,20,347350,2,2,0,7,6,1,4,4242,1,7,1,1,264.125
722,0,4765670,47,101397,12,303195,2,3,0,4,5,0,3,1000,0,4,4,4,20.27659574
723,0,10910520,127,85910,24,359500,2,4,1,6,5,0,4,4356,1,5,7,4,33.2992126
724,0,3654150,10,365415,29,374995,1,2,1,4,7,0,3,3107,0,4,1,4,309.7
725,0,2441700,23,106161,11,297145,1,3,1,1,6,0,7,4358,1,2,2,2,188.4782609
726,0,3825420,27,141682,23,380200,1,4,1,7,5,0,4,4359,1,7,2,6,160.4444444
727,0,24321940,26,935459,27,357395,2,4,1,6,6,0,4,4360,1,5,2,4,166.6923077
728,0,3916410,16,244776,15,325600,2,4,1,2,5,0,4,4361,1,7,1,5,271.5625
729,0,3268160,20,163408,9,246100,1,3,1,6,6,1,5,4362,1,5,2,4,217.1
730,0,2631910,22,119632,19,366945,1,1,0,6,4,0,5,3490,0,5,2,4,157.6363636
731,0,3833190,35,109520,4,59645,1,2,1,5,6,0,4,4364,1,5,3,4,123.6857143
732,0,2304780,29,79475,1,5445,1,2,0,5,5,0,3,3223,0,3,2,4,110.137931
733,0,4660550,24,194190,29,373550,1,2,1,7,7,0,5,4366,1,7,2,3,180.9166667
734,0,12946830,56,231193,1,23835,2,2,1,7,5,0,5,4367,1,7,5,6,76.98214286
735,0,5257860,11,477987,18,340450,1,2,1,1,7,0,3,4368,1,2,1,2,396.0909091
736,0,4368510,19,229922,14,333350,2,2,0,2,6,0,5,4369,1,2,1,2,228.9473684
737,0,6522860,20,326143,25,358745,2,3,1,6,7,0,5,4370,1,5,2,4,217.5
738,0,5315250,55,96641,26,365900,2,3,1,7,7,0,3,4371,1,7,5,6,78.47272727
739,0,12948370,36,359677,7,210500,2,4,1,6,4,0,4,4229,1,5,3,4,116.4722222
740,0,2961840,31,95543,13,323600,1,4,0,4,6,1,4,4373,1,4,3,3,140.0645161
741,0,2873450,14,205246,20,347645,1,4,0,6,5,0,3,2787,0,5,1,4,198.0714286
742,0,2226700,25,89068,9,247295,1,4,0,4,5,0,2,1000,0,4,2,4,39
743,0,4977790,77,64647,17,364200,2,2,1,7,5,0,3,4004,0,7,7,6,51
744,0,4473090,19,235426,23,380345,2,1,0,3,4,0,6,4377,1,4,1,2,229.3684211
745,0,8604810,87,98906,20,348395,2,2,0,6,4,0,4,4301,1,5,7,4,48.43678161
746,0,7710050,24,321252,15,326295,2,4,0,7,5,0,4,2194,0,7,2,6,90.41666667
747,0,4313100,17,253712,16,365150,2,1,1,2,4,0,3,4380,1,2,1,5,256.6470588
748,0,5863050,15,390870,9,246600,2,2,0,5,6,1,4,3248,0,5,1,4,215.5333333
749,0,9147350,32,285855,19,366500,2,4,0,9,6,0,4,3494,1,7,3,6,108.1875
750,0,3995220,47,85005,4,58645,2,2,1,7,5,0,3,4266,1,7,4,6,89.76595745
751,0,2130000,12,177500,25,358495,1,3,0,6,4,0,3,3274,0,6,1,4,271.8333333
752,0,3215880,26,123688,3,42750,1,4,1,8,5,0,5,4206,0,7,2,6,160.7692308
753,0,9856230,43,229215,30,381445,2,1,0,5,5,0,3,4386,1,5,4,4,101
754,0,3156960,5,631392,25,357050,2,2,0,2,5,0,3,4387,1,2,1,5,876.4
755,0,5486100,15,365740,16,366595,2,4,1,3,7,0,4,4388,1,4,1,2,291.5333333
756,0,2341000,6,390167,20,346950,1,2,1,6,6,0,2,2709,0,5,1,4,450.5
757,0,8549360,31,275786,11,297145,2,3,1,6,3,0,3,4295,1,5,3,4,137.5483871
758,0,4519140,17,265832,14,334295,2,4,0,3,5,0,4,2696,0,4,1,2,157.5882353
759,0,5491460,6,915243,12,303250,2,2,0,2,6,0,4,4392,1,2,1,2,731
760,0,4636320,13,356640,5,130400,2,4,0,9,5,0,4,3798,0,7,1,6,291.1538462
761,0,3919740,12,326645,19,366545,2,2,0,2,6,0,4,3541,0,2,1,7,294.0833333
762,0,3312450,14,236604,17,364645,1,1,0,3,5,0,6,4395,1,4,1,2,312.9285714
763,0,4767900,10,476790,13,325045,2,4,0,9,6,1,4,4396,1,7,5,6,438.6
764,0,6766260,20,338313,7,210945,2,2,0,6,7,0,5,4397,1,5,2,4,218.85
765,0,3689490,22,167704,16,365595,2,1,0,4,6,0,5,2727,0,4,2,4,122.9545455
766,0,3393470,10,339347,12,303945,1,3,1,2,5,0,4,4399,1,7,1,6,438.9
767,0,3278670,22,149030,17,364450,1,4,0,6,6,0,2,3132,0,5,2,4,141.3636364
768,0,2910500,27,107796,7,210945,1,4,0,6,5,0,2,2883,1,5,2,4,105.7777778
769,0,5627300,13,432869,15,346500,2,2,1,3,4,0,4,4402,1,4,1,5,337.6153846
770,0,2526560,8,315820,22,350300,1,2,0,3,6,0,3,4403,1,4,1,2,549.375
771,0,4728980,26,181884,13,324295,2,4,0,6,4,0,3,4404,1,5,2,4,168.3846154
772,0,2098900,43,48812,23,380645,1,3,1,6,6,0,4,4126,0,5,4,4,94.95348837
773,0,3850580,13,296198,20,348295,1,3,1,2,3,0,4,3858,0,2,1,2,295.7692308
774,0,2321500,10,232150,24,358750,1,1,1,1,2,0,6,4407,1,3,1,2,439.7
775,0,4618350,10,461835,7,211445,2,3,0,8,4,0,3,3196,0,7,1,1,318.6
776,0,2684970,38,70657,1,6900,1,2,0,8,5,0,4,4409,1,7,3,6,115.0263158
777,0,6754050,60,112568,3,43250,2,3,1,8,7,0,6,4410,1,7,6,6,72.5
778,0,2320650,22,105484,6,185350,1,4,1,6,5,0,3,4411,1,5,2,4,199.5
779,0,5408850,16,338053,26,365650,1,3,1,2,2,0,4,3102,0,2,1,2,192.875
780,0,2479300,10,247930,22,349550,1,4,1,5,5,1,4,3965,0,5,1,3,395.5
781,0,8109610,15,540641,17,364645,2,1,1,9,4,0,4,4414,1,7,6,6,293.2666667
782,0,7131520,40,178288,6,185350,2,4,0,7,6,0,4,4415,1,7,4,6,109.375
783,0,2386090,12,198841,16,365400,1,2,1,9,5,0,3,4416,1,7,4,6,367
784,0,3237430,39,83011,21,348445,1,4,0,1,6,0,7,3045,0,2,3,2,77.07692308
785,0,5469700,29,188610,23,380895,2,4,1,6,5,0,4,4418,1,5,2,4,151.3448276
786,0,5046010,26,194077,20,366935,2,4,1,7,6,0,4,4419,1,6,2,6,168.9615385
787,0,2685840,8,335730,15,324850,1,3,1,6,2,0,5,4420,1,5,1,4,551.5
788,0,2688040,19,141476,20,348645,1,2,0,3,5,0,3,4421,1,4,1,2,231.6842105
789,0,3279240,13,252249,8,260700,1,2,1,9,4,1,4,4422,1,7,5,3,339.1538462
790,0,2373580,23,103199,21,348195,1,3,1,7,4,0,3,3099,1,7,2,6,133.7391304
791,0,54554980,67,814253,27,356950,2,3,0,6,5,0,5,2540,1,5,6,7,36.91044776
792,0,3897170,22,177144,24,359250,1,4,1,8,5,0,4,4425,1,7,2,6,200.1363636
793,0,2741500,6,456917,1,5445,1,2,0,4,6,0,3,2871,0,4,1,4,477.5
794,0,10197480,8,1274685,6,185850,2,4,0,2,7,0,3,4427,1,2,1,2,552.375
795,0,2321820,15,154788,8,261645,1,4,1,3,5,0,3,2404,0,7,1,6,159.2666667
796,0,2705520,9,300613,3,43500,1,1,1,5,5,1,5,4429,1,5,1,4,491.1111111
797,0,7239170,27,268117,17,363950,2,4,0,6,7,1,4,2560,0,5,2,4,93.81481481
798,0,2923000,25,116920,15,326045,1,4,0,6,5,0,4,4431,1,5,2,4,176.24
799,0,5020390,22,228200,22,350995,2,4,0,6,5,0,4,4432,1,5,2,4,200.4545455
800,0,6132770,17,360751,22,351245,2,2,0,9,5,0,5,3836,0,7,6,6,224.6470588
801,0,4744080,33,143760,1,7595,2,1,1,6,6,0,5,4434,1,5,3,4,133.3636364
802,0,3765600,9,418400,11,296700,1,2,1,4,4,0,5,2586,0,4,1,4,286.3333333
803,0,5017290,22,228059,20,347850,2,3,0,3,1,0,3,2566,0,4,2,5,115.6363636
804,0,4272960,9,474773,28,377095,2,1,0,9,5,0,4,4437,1,7,1,6,492
805,0,8438570,19,444135,25,358245,2,2,0,3,6,0,4,3194,0,4,1,2,167.1052632
806,0,4189750,37,113236,20,347600,1,4,0,7,5,0,4,4439,1,7,3,6,118.972973
807,0,4152020,17,244236,17,363450,2,4,0,2,6,0,4,4440,1,1,1,2,260.1764706
808,0,10969780,45,243773,6,206500,2,3,0,5,4,0,3,4064,1,5,4,4,89.31111111
809,0,3156710,22,143487,30,381000,2,1,0,5,5,0,5,3278,0,5,2,4,148
810,0,6558840,14,468489,19,367445,2,2,0,3,5,0,5,2230,0,4,1,2,158.2857143
811,0,6377190,16,398574,25,377300,1,3,0,2,6,0,3,4444,1,2,1,2,276.75
812,0,2020000,4,505000,19,366750,1,4,0,3,5,1,4,4445,1,4,1,2,1110.25
813,0,5640450,30,188015,14,335045,2,2,0,6,4,0,4,1000,0,5,3,4,32.33333333
814,0,18492730,48,385265,19,367000,1,1,0,7,4,0,3,4447,1,7,4,6,91.64583333
815,0,7877000,46,171239,4,58395,2,3,1,5,5,0,4,4448,1,5,4,3,95.69565217
816,0,4594400,14,328171,3,43195,1,4,0,2,5,0,2,2033,0,7,1,6,144.2142857
817,0,2676560,10,267656,16,366345,1,2,0,6,6,0,3,4450,1,5,1,4,444
818,0,13541940,103,131475,5,150235,2,2,0,6,5,0,3,4451,1,5,7,7,42.21359223
819,0,2853410,16,178338,13,323350,1,4,0,6,5,0,4,2467,0,5,1,4,153.1875
820,0,3661450,18,203414,28,375900,2,2,1,9,6,0,4,4453,1,7,6,6,246.3888889
821,0,1934760,10,193476,29,374745,1,2,1,2,6,0,5,4454,1,2,1,2,444.4
822,0,2464480,26,94788,1,7150,1,4,0,6,5,0,5,3460,0,5,2,4,132.0769231
823,0,4656740,17,273926,29,375745,2,4,0,9,5,0,4,4456,1,7,5,6,261.1176471
824,0,10215940,33,309574,5,130400,2,4,0,7,5,1,4,2820,1,7,3,6,84.45454545
825,0,4378300,10,437830,11,296645,2,3,1,9,6,0,4,4458,1,7,4,6,444.8
826,0,4365690,41,106480,23,379450,1,2,0,5,5,0,5,4459,1,5,4,4,107.7560976
827,0,4133250,13,317942,19,367195,2,1,1,3,6,0,3,4460,1,4,1,5,342.0769231
828,0,4331400,57,75989,1,8095,2,4,0,6,6,0,4,4461,1,5,5,4,77.26315789
829,0,9171990,32,286625,19,366500,2,4,0,7,5,1,2,1924,1,6,3,6,59.125
830,0,3929350,20,196468,27,357145,1,3,0,7,6,0,3,4463,1,7,2,6,222.15
831,0,2747350,10,274735,5,130900,1,2,0,5,4,1,3,3956,0,5,1,4,394.6
832,0,2533910,13,194916,6,187045,1,4,1,3,4,0,4,4465,1,4,1,1,342.4615385
833,0,3068550,19,161503,30,381945,1,3,1,3,4,0,3,4466,1,4,1,2,234.0526316
834,0,13156380,54,243637,16,384735,2,3,0,8,3,0,5,4467,1,7,5,6,81.72222222
835,0,3187870,27,118069,15,326545,2,4,0,5,2,0,2,2746,0,5,2,4,100.7037037
836,0,5549290,11,504481,23,378650,2,2,1,2,6,0,3,4469,1,2,1,2,405.2727273
837,0,8585560,48,178866,22,349800,2,2,1,5,6,0,3,4470,1,5,4,4,92.125
838,0,4373260,49,89250,20,348645,1,4,0,5,5,0,4,4471,1,5,4,4,90.24489796
839,0,4308100,12,359008,3,43945,2,2,0,2,6,0,3,4472,1,2,1,2,371.6666667
840,0,2666730,16,166671,20,348145,1,4,1,2,5,0,2,2473,0,2,1,2,153.5625
841,0,4154320,39,106521,10,304895,2,4,0,7,6,0,4,3075,0,7,3,3,77.84615385
842,0,4595720,22,208896,23,378900,2,2,1,6,3,0,5,4475,1,5,2,4,202.4090909
843,0,5248820,30,174961,12,303695,2,2,1,4,6,0,7,4476,1,4,3,4,148.2
844,0,7099720,95,74734,18,341645,1,4,1,6,5,0,3,4477,1,5,7,4,46.12631579
845,0,3375440,28,120551,24,359250,2,3,0,6,5,0,4,4478,1,5,2,3,158.9285714
846,0,2103670,9,233741,20,348295,1,4,0,2,5,0,6,4479,1,2,1,2,496.6666667
847,0,4597910,17,270465,22,351745,2,1,1,2,6,0,4,4480,1,2,1,2,262.5294118
848,0,2590400,17,152376,1,8345,1,4,1,5,4,1,4,4117,0,3,1,4,241.1764706
849,0,3956640,13,304357,3,42750,1,3,0,2,7,1,4,4482,1,2,1,2,343.7692308
850,0,7256870,50,145137,17,363950,2,2,0,5,6,0,2,2880,0,5,5,4,56.6
851,0,3093060,14,220933,1,7400,2,3,0,6,5,0,5,3251,0,5,1,4,231.2142857
852,0,8203570,11,745779,23,379450,2,3,1,1,7,0,3,4485,1,2,1,2,406.7272727
853,0,8345480,31,269209,12,303000,2,2,0,7,6,0,4,4486,1,7,3,6,143.7096774
854,0,7201100,5,1440220,24,360695,2,4,1,4,5,0,4,4487,1,4,1,4,896.4
855,0,5713030,32,178532,22,369635,2,4,0,7,6,1,4,4488,1,7,3,6,139.25
856,0,2550090,20,127505,8,261450,1,1,0,7,4,0,3,4489,1,7,2,6,223.45
857,0,6482450,28,231516,9,245850,2,4,1,2,6,0,7,4490,1,2,2,3,159.3571429
858,0,9613400,19,505968,4,58895,2,4,0,9,5,0,3,3809,1,7,5,5,199.4736842
859,0,3584510,30,119484,9,246850,2,2,0,6,5,0,2,2386,0,5,3,4,78.53333333
860,0,17322270,24,721761,24,359250,2,2,0,4,7,0,5,2969,1,4,2,4,122.7083333
861,0,5977870,17,351639,10,305145,2,4,0,2,5,0,4,2723,0,7,1,6,159.1764706
862,0,2099160,15,139944,8,261645,1,2,1,2,6,0,4,4495,1,2,1,2,298.6666667
863,0,9403670,25,376147,20,348545,2,3,1,8,6,1,3,3892,1,6,2,6,154.68
864,0,11968790,32,374025,8,261700,2,4,0,6,6,0,3,2580,1,5,3,4,79.625
865,0,4308510,19,226764,13,323100,2,2,0,6,4,0,5,3419,0,5,1,4,178.9473684
866,0,3646700,10,364670,16,365900,2,1,1,2,4,0,3,4499,1,2,1,2,448.9
867,0,7068360,55,128516,4,58395,2,4,0,6,5,0,4,4500,1,5,5,4,80.81818182
868,0,5227410,14,373386,30,381195,1,1,1,2,5,0,4,3835,0,2,1,2,272.9285714
869,0,11762600,23,511417,19,366000,2,2,0,6,6,0,5,2654,1,5,2,4,114.3913043
870,0,3076850,18,170936,16,365150,1,4,0,6,5,0,4,3137,0,5,1,5,173.2777778
871,0,9737900,22,442632,30,380695,2,2,0,6,7,0,6,4504,1,5,2,7,203.7272727
872,0,13142270,26,505472,18,340700,2,2,1,6,5,0,5,4342,1,5,2,4,166
873,0,5753200,22,261509,10,304645,2,2,1,6,6,1,3,4196,0,5,2,4,189.7272727
874,0,4625320,11,420484,27,356700,2,2,0,3,3,0,5,4507,1,4,1,2,408.7272727
875,0,2142830,54,39682,22,350495,1,4,0,6,4,0,4,3039,0,5,5,4,55.27777778
876,0,2592680,13,199437,28,376595,1,4,0,6,5,0,2,3370,0,5,1,4,258.2307692
877,0,12176290,13,936638,26,364650,2,2,0,2,6,0,3,3874,1,2,1,2,297
878,0,2100370,17,123551,8,282100,2,3,1,2,4,0,3,4511,1,2,1,2,264.3529412
879,0,2627060,11,238824,7,211445,1,2,0,5,5,0,2,2754,0,5,1,4,249.3636364
880,0,8050550,19,423713,1,8095,2,1,0,3,4,0,4,1000,0,4,1,2,51.63157895
881,0,3912400,32,122263,3,43445,1,2,0,8,7,0,4,4514,1,7,3,6,140.0625
882,0,2903750,20,145188,19,366045,1,3,0,6,3,0,3,4351,1,5,2,5,216.55
883,0,3675140,56,65628,6,186045,1,3,0,7,6,1,3,4094,0,7,5,3,72.10714286
884,0,5931080,23,257873,4,57450,2,4,1,8,5,0,6,4192,0,7,2,6,181.2608696
885,0,3799820,12,316652,4,59145,2,3,0,2,6,1,4,4297,1,2,1,2,357.0833333
886,0,7148160,13,549858,20,348295,2,3,0,2,5,0,3,4519,1,7,1,6,346.6153846
887,0,20826740,58,359082,20,348795,2,4,0,6,5,0,3,4192,1,5,5,4,71.27586207
888,0,5585120,57,97985,8,260950,2,3,1,8,4,0,3,4521,1,7,5,6,78.31578947
889,0,3497770,38,92047,4,58200,1,2,1,8,4,0,4,4522,1,3,3,6,118
890,0,10974220,34,322771,27,357645,2,3,0,7,6,0,3,3388,1,7,3,6,98.64705882
891,0,4317630,15,287842,10,303700,1,2,0,2,7,0,4,4494,1,2,1,2,298.6
892,0,3793940,17,223173,1,5695,1,3,1,2,4,0,5,2624,0,2,1,2,153.3529412
893,0,3753080,13,288698,19,366545,1,4,1,2,7,1,6,4227,1,2,1,2,324.1538462
894,0,7758030,68,114089,12,302750,2,2,0,8,6,0,5,4527,1,7,6,6,65.57352941
895,0,4406360,10,440636,21,348195,2,2,0,6,3,1,3,4201,0,5,1,4,419.1
896,0,2478580,13,190660,17,364700,1,1,1,6,5,0,4,1994,0,5,1,4,152.3846154
897,0,10269950,6,1711658,30,380500,2,4,1,4,5,0,5,4216,1,4,1,5,701.6666667
898,0,2941950,10,294195,25,357300,1,1,0,9,5,0,5,4531,1,7,1,6,452.1
899,0,7221420,15,481428,16,364650,2,4,0,2,6,0,4,3216,0,2,1,2,213.4
900,0,5492880,13,422529,23,379845,2,2,0,2,4,0,3,4533,1,2,1,2,347.6923077
901,0,6811000,61,111656,14,335045,2,4,0,6,3,0,4,3296,0,5,6,4,53.03278689
902,0,10107020,44,229705,28,376150,2,4,0,3,5,0,4,4535,1,7,4,6,102.0681818
903,0,10207500,33,309318,5,131595,2,4,0,4,5,1,4,4536,1,4,3,4,136.4545455
904,0,67595760,85,795244,16,365400,2,4,1,8,4,1,4,4537,1,7,7,6,52.37647059
905,0,2345400,17,137965,24,359500,1,3,0,5,6,0,4,2677,0,3,1,4,156.4705882
906,0,26063990,71,367098,12,302750,2,2,0,7,7,0,2,2235,1,7,7,6,30.47887324
907,0,7824690,19,411826,4,58200,2,2,1,3,4,1,5,4333,1,4,1,2,227.0526316
908,0,4403430,42,104844,13,324545,1,1,1,6,5,0,5,4541,1,5,4,5,107.1190476
909,0,8738490,6,1456415,24,359500,2,4,1,4,5,0,5,4364,1,4,1,4,726.3333333
910,0,21908650,57,384362,23,379650,2,4,0,1,6,0,7,3431,1,2,5,2,59.19298246
911,0,3128220,10,312822,7,210695,1,2,0,3,7,0,3,4544,1,4,1,3,453.4
912,0,4506130,31,145359,10,371100,1,2,0,7,5,0,4,4545,1,7,3,6,145.6129032
913,0,4990980,31,160999,4,58450,2,4,0,7,5,0,4,3033,0,7,3,6,96.83870968
914,0,2512000,2,1256000,20,347700,1,4,1,9,5,0,4,1000,0,7,5,6,499
915,0,3038550,32,94955,22,350050,1,1,0,7,6,0,4,4548,1,7,3,6,141.125
916,0,3201040,26,123117,22,351245,1,2,1,5,6,0,4,4549,1,5,2,4,173.9615385
917,0,5244820,43,121973,17,364200,2,2,0,5,7,0,5,4550,1,5,4,4,104.8139535
918,0,5579640,10,557964,1,8595,2,2,0,2,6,0,3,4300,1,2,1,2,429
919,0,13417320,43,312031,27,356200,2,3,1,5,6,0,3,4552,1,5,4,4,104.8604651
920,0,4393710,58,75754,29,375495,2,1,0,8,6,1,5,4553,1,7,5,3,77.5
921,0,5731030,24,238793,28,377345,2,1,0,6,4,0,3,3671,0,5,2,4,151.9583333
922,0,6263830,25,250553,15,327045,2,4,0,7,5,0,4,4434,1,7,2,6,176.36
923,0,3310050,11,300914,11,330035,1,1,1,5,7,0,3,2353,0,5,1,2,212.9090909
924,0,3461970,15,230798,30,381000,1,4,1,2,5,0,3,2677,0,7,3,6,177.4666667
925,0,5662130,13,435548,20,347200,1,1,1,4,2,0,5,2870,0,4,1,4,219.7692308
926,0,5053190,52,97177,6,186795,1,1,0,6,3,0,5,4559,1,5,5,4,86.67307692
927,0,6837730,15,455849,19,366295,2,1,0,3,3,0,5,4560,1,4,1,2,303
928,0,4848670,24,202028,4,58700,2,4,0,7,5,0,4,4561,1,7,2,6,189.0416667
929,0,4021920,19,211680,28,376650,1,2,0,5,7,0,2,3225,0,5,1,4,168.7368421
930,0,4483200,27,166044,17,365645,1,1,1,8,6,0,5,4563,1,6,2,6,168
931,0,3221500,15,214767,16,365150,1,2,0,5,4,0,5,2760,0,5,1,4,183
932,0,5107750,8,638469,18,340450,1,2,0,2,6,1,3,4565,1,2,1,5,569.625
933,0,3314350,7,473479,6,187045,1,2,1,3,6,0,3,4259,1,4,1,2,607.4285714
934,0,5428000,23,236000,26,366345,2,3,0,5,6,0,2,3370,0,5,2,4,145.5217391
935,0,4008940,46,87151,30,380750,1,2,0,7,6,0,3,4568,1,7,4,6,98.30434783
936,0,2832780,14,202341,19,365850,1,1,1,2,4,0,3,4569,1,2,1,2,325.3571429
937,0,27646380,58,476662,27,358145,2,2,0,9,6,0,4,2898,1,7,5,6,48.96551724
938,0,13370270,31,431299,22,351245,2,3,0,7,5,0,3,1000,1,7,3,6,31.25806452
939,0,4939270,36,137202,23,379400,2,4,0,8,6,0,4,2665,0,7,3,6,73.02777778
940,0,13413850,25,536554,24,360945,2,2,0,7,7,0,4,4573,1,7,2,3,181.92
941,0,3211600,11,291964,12,323900,2,2,0,3,7,0,4,4574,1,4,1,2,414.8181818
942,0,4468420,17,262848,21,347250,1,2,0,2,3,0,3,4575,1,2,1,2,268.1176471
943,0,4850970,72,67375,19,387400,1,4,1,8,6,0,2,4576,1,7,7,6,62.55555556
944,0,10353300,31,333977,13,324295,2,2,0,6,6,0,4,2871,1,5,3,7,91.61290323
945,0,5056900,36,140469,20,347200,2,3,0,8,6,1,4,4578,1,7,3,6,126.1666667
946,0,2408260,17,141662,24,360445,1,3,1,6,5,0,3,4175,0,5,1,4,244.5882353
947,0,5182740,7,740391,15,325100,2,3,1,9,5,1,4,4580,1,7,3,6,653.2857143
948,0,7976730,22,362579,20,348545,2,1,0,7,6,0,4,4581,1,1,2,6,207.2272727
949,0,3371800,27,124881,5,131845,1,2,0,5,6,0,3,4582,1,5,2,4,168.7037037
950,0,4185040,39,107309,26,366095,2,3,1,8,6,0,4,4583,1,7,3,6,116.5128205
951,0,4730550,33,143350,1,7150,2,3,0,5,5,0,5,4584,1,5,3,4,137.9090909
952,0,5186400,22,235745,21,348445,2,1,0,7,4,0,3,3810,0,7,2,1,172.1818182
953,0,3024450,9,336050,26,365845,1,2,0,9,5,0,5,4586,1,7,4,6,508.5555556
954,0,2563980,3,854660,4,59645,1,3,0,4,5,0,5,4587,1,4,1,4,1528
955,0,2899260,13,223020,5,131845,2,2,0,2,6,0,5,4588,1,2,1,2,351.9230769
956,0,5313060,17,312533,1,5445,2,3,0,3,5,1,4,4111,0,4,1,2,240.8235294
957,0,2655080,26,102118,1,4000,1,2,1,7,5,0,3,4590,1,7,2,5,175.5384615
958,0,9152350,16,572022,3,44195,2,1,1,2,4,0,6,4591,1,2,1,2,285.9375
959,0,15770590,46,342839,22,350495,2,1,1,5,4,0,4,4592,1,5,4,4,98.82608696
960,0,2242240,9,249138,14,334295,1,2,0,2,6,0,4,4593,1,2,1,2,509.3333333
961,0,6561750,18,364542,14,333600,2,2,1,3,6,0,5,4333,1,4,1,2,239.7222222
962,0,24370020,77,316494,19,365600,2,4,0,8,5,0,4,3006,1,7,7,6,38.03896104
963,0,4168070,78,53437,3,42250,1,4,0,5,6,0,4,3401,0,5,7,4,42.6025641
964,0,11995390,27,444274,23,380145,2,1,0,7,6,0,4,2560,1,7,2,3,93.81481481
965,0,19678190,27,728822,14,333850,2,2,0,8,5,0,5,4598,1,7,2,6,169.2962963
966,0,14169180,43,329516,17,365145,2,1,1,5,5,0,5,4599,1,5,4,4,105.9534884
967,0,3670360,17,215904,24,360195,1,3,1,3,6,0,2,2718,0,4,1,2,158.8823529
968,0,6403090,20,320155,30,380250,2,4,0,8,5,0,4,4350,1,1,2,6,216.5
969,0,25952020,42,617905,17,363950,2,1,1,5,5,0,5,4602,1,5,4,3,108.5714286
970,0,2404530,10,240453,28,377845,1,1,1,5,6,1,3,2591,0,5,1,4,258.1
971,0,5263500,15,350900,12,303945,1,4,0,2,3,0,3,4604,1,2,1,2,305.9333333
972,0,10345150,34,304269,22,350745,2,4,1,7,7,0,4,4605,1,7,3,6,134.4411765
973,0,2502780,15,166852,23,380595,2,2,0,2,6,0,3,4606,1,2,1,2,306.0666667
974,0,14524910,34,427203,1,7845,2,2,0,7,3,0,3,4607,1,7,3,6,134.5
975,0,3504000,17,206118,27,356200,1,2,0,9,5,0,4,4449,1,7,3,6,260.7058824
976,0,2914450,13,224188,21,347695,1,3,1,6,6,0,3,2722,0,5,1,4,208.3846154
977,0,3262010,112,29125,10,304700,1,1,0,9,4,1,5,2761,0,7,7,6,23.65178571
978,0,2323860,10,232386,19,367195,2,1,0,1,5,0,5,4611,1,7,1,1,460.1
979,0,6820320,29,235183,13,325045,2,3,0,5,3,0,4,2120,0,5,2,4,72.10344828
980,0,2380000,31,76774,1,5000,1,2,1,5,5,0,5,4613,1,5,3,4,147.8064516
981,0,3001760,34,88287,10,303450,1,4,1,7,4,0,4,4614,1,7,3,5,134.7058824
982,0,5750260,31,185492,6,185100,2,2,1,6,6,0,3,4281,1,5,3,4,137.0967742
983,0,3368800,12,280733,4,59145,1,2,0,9,5,1,3,4616,1,7,4,6,383.6666667
984,0,3199890,22,145450,11,297145,2,4,0,5,3,0,3,2691,0,5,2,4,121.3181818
985,0,3868900,18,214939,19,365350,2,1,0,5,4,0,3,2518,0,5,1,4,138.8888889
986,0,2610000,16,163125,26,364650,1,4,1,4,6,0,6,4619,1,4,1,4,287.6875
987,0,3189520,25,127581,14,333850,1,2,1,7,7,0,4,4620,1,7,2,6,183.8
988,0,17390590,38,457647,11,297395,2,2,0,7,6,0,4,4615,1,7,3,6,120.4473684
989,0,6367500,23,276848,7,210445,2,2,0,5,7,0,4,2639,0,5,2,4,113.7391304
990,0,3631320,22,165060,23,379950,1,2,1,6,3,0,3,4623,1,5,2,4,209.1363636
991,0,5638220,16,352389,25,358245,2,4,0,5,5,0,4,4624,1,5,1,4,288
992,0,5534180,44,125777,10,304450,1,4,1,8,6,0,4,4625,1,7,4,6,104.1136364
993,0,2279790,17,134105,12,304445,1,2,0,1,6,0,3,4505,1,2,1,3,264
994,0,9118590,15,607906,20,348145,2,3,0,2,7,0,3,2826,1,2,1,2,187.4
995,0,13706520,59,232314,23,380395,2,4,0,7,7,0,5,4628,1,7,5,6,77.44067797
996,0,12731560,35,363759,3,44445,2,3,1,8,6,0,4,4629,1,3,3,1,131.2571429
997,0,3419010,6,569835,6,186545,1,2,0,9,6,0,4,4630,1,7,3,6,770.6666667
998,0,4612100,13,354777,8,260700,2,1,0,1,4,1,6,4631,1,2,1,2,355.2307692
999,0,5165360,28,184477,20,347700,1,3,0,7,5,1,6,3907,0,7,2,6,138.5357143
1000,0,4323050,16,270191,19,367045,2,4,0,6,5,1,6,2118,0,5,1,4,131.375
